,AA,AAPL,GE,IBM,JNJ,MSFT,PEP,XOM
2007-10-29,40.43,185.09,40.56,114.8,64.98,34.57,73.7,93.61
2007-10-30,39.37,187.0,40.48,114.12,64.82,35.57,73.84,91.14
2007-10-31,39.59,189.95,41.16,116.12,65.17,36.81,73.72,91.99
2007-11-01,37.9,187.44,40.34,113.65,64.66,37.06,72.39,88.5
2007-11-02,38.56,187.87,40.33,114.59,64.78,37.06,72.98,87.93
2007-11-05,37.9,186.18,40.2,113.4,64.49,36.73,72.76,87.66
2007-11-06,38.57,191.79,40.18,113.17,64.61,36.41,73.49,90.38
2007-11-07,37.4,186.3,39.08,111.08,63.91,35.52,72.34,87.2
2007-11-08,37.66,175.47,39.02,106.11,64.59,34.74,73.5,89.42
2007-11-09,37.09,165.37,38.38,100.25,65.16,33.73,73.48,86.85
2007-11-12,35.87,153.76,38.25,101.45,66.31,33.38,72.57,84.54
2007-11-13,36.63,169.96,39.21,105.27,67.31,34.46,73.34,86.88
2007-11-14,36.86,166.11,39.01,103.44,66.89,33.93,74.06,86.31
2007-11-15,36.33,164.3,38.31,103.6,66.88,33.76,73.58,84.49
2007-11-16,36.31,166.39,38.65,104.79,67.75,34.09,74.15,85.1
2007-11-19,35.07,163.95,38.16,102.22,67.59,33.96,75.08,84.11
2007-11-20,35.38,168.85,38.04,103.42,67.64,34.58,74.84,87.82
2007-11-21,35.17,168.46,37.17,102.22,67.14,34.23,75.04,87.04
2007-11-23,35.15,171.54,37.67,104.05,66.88,34.11,75.51,88.29
2007-11-26,34.88,172.54,36.73,101.97,67.37,32.97,74.69,85.68
2007-11-27,35.04,174.81,37.45,103.83,67.73,33.06,75.92,86.38
2007-11-28,36.21,180.22,38.46,107.37,68.35,33.7,77.16,87.92
2007-11-29,36.55,184.29,38.14,107.5,68.4,33.59,76.54,88.59
2007-11-30,36.37,182.22,38.29,105.18,67.74,33.6,77.18,89.16
2007-12-03,35.49,178.86,36.93,105.83,67.71,32.92,76.58,88.85
2007-12-04,35.25,179.81,36.25,106.63,67.94,32.77,76.65,88.12
2007-12-05,35.61,185.5,36.71,108.16,68.21,34.15,76.27,89.92
2007-12-06,35.86,189.95,37.26,109.7,68.3,34.55,77.03,91.44
2007-12-07,36.91,194.3,37.23,108.86,67.68,34.53,77.0,91.5
2007-12-10,37.85,194.21,37.41,109.39,67.79,34.76,77.28,92.03
2007-12-11,36.13,188.54,37.03,106.99,67.55,34.1,76.48,90.28
2007-12-12,36.88,190.86,37.25,108.47,67.7,34.47,78.09,91.92
2007-12-13,36.33,191.83,37.58,108.18,67.87,35.22,78.69,92.72
2007-12-14,35.19,190.39,36.91,105.77,67.59,35.31,78.46,91.18
2007-12-17,33.9,184.4,36.48,104.53,67.55,34.39,77.37,89.89
2007-12-18,34.4,182.98,36.8,106.31,67.71,34.74,77.02,91.42
2007-12-19,34.49,183.12,36.57,107.14,67.32,34.79,76.79,91.43
2007-12-20,35.39,187.21,36.52,108.84,67.33,35.52,76.49,92.13
2007-12-21,36.35,193.91,37.14,111.05,68.03,36.06,77.35,93.43
2007-12-24,37.01,198.8,37.53,111.65,67.87,36.58,77.71,93.66
2007-12-26,37.41,198.95,37.55,111.56,67.56,36.61,77.28,94.81
2007-12-27,36.99,198.57,37.19,109.6,67.33,35.97,76.7,93.67
2007-12-28,36.86,199.83,37.34,110.09,67.38,36.12,77.03,95.0
2007-12-31,36.55,198.08,37.07,108.1,66.7,35.6,75.9,93.69
2008-01-02,36.13,194.84,36.76,104.69,65.91,35.22,75.29,93.51
2008-01-03,36.19,194.93,36.8,104.9,65.93,35.37,75.78,93.83
2008-01-04,34.87,180.05,36.04,101.13,65.84,34.38,75.55,92.08
2008-01-07,33.11,177.64,36.18,100.05,66.86,34.61,77.32,91.22
2008-01-08,31.0,171.25,35.4,97.59,66.94,33.45,77.94,90.05
2008-01-09,31.25,179.4,35.8,98.31,67.8,34.44,78.74,91.56
2008-01-10,31.44,178.02,35.92,99.92,67.91,34.33,79.57,91.66
2008-01-11,31.73,172.69,35.17,97.67,67.88,33.91,77.78,90.3
2008-01-14,32.9,178.78,35.46,102.93,67.95,34.39,76.92,90.83
2008-01-15,31.19,169.04,34.53,101.83,67.76,34.0,74.83,89.02
2008-01-16,30.63,159.64,34.56,101.63,68.31,33.23,73.54,86.53
2008-01-17,28.79,160.89,33.21,101.1,67.83,33.11,72.1,83.91
2008-01-18,29.1,161.36,34.31,103.4,66.29,33.01,71.46,85.08
2008-01-22,28.79,155.64,34.05,101.22,65.27,31.96,69.44,82.45
2008-01-23,29.19,139.07,34.59,106.1,64.2,31.93,70.5,83.45
2008-01-24,30.81,135.6,34.65,106.91,63.51,33.25,69.73,86.0
2008-01-25,30.69,130.01,34.0,104.52,62.46,32.94,68.92,83.94
2008-01-28,31.47,130.01,34.72,104.98,63.07,32.72,70.27,85.13
2008-01-29,32.66,131.54,34.76,106.1,62.97,32.6,68.63,85.08
2008-01-30,32.7,132.18,34.94,105.65,62.18,32.2,67.39,85.28
2008-01-31,33.09,135.36,35.36,107.11,63.14,32.6,68.05,85.7
2008-02-01,34.28,133.75,36.16,109.08,63.36,30.45,68.83,85.95
2008-02-04,34.08,131.65,35.37,107.93,63.47,30.19,69.22,85.44
2008-02-05,32.67,129.36,34.21,105.02,62.87,29.07,67.95,82.11
2008-02-06,32.41,122.0,34.2,103.59,63.05,28.52,66.73,81.44
2008-02-07,32.78,121.24,34.23,102.34,62.81,28.12,70.41,81.89
2008-02-08,33.76,125.48,33.84,103.27,62.03,28.56,69.81,81.71
2008-02-11,34.06,129.45,34.01,105.14,61.88,28.21,70.96,83.22
2008-02-12,33.49,124.86,34.37,106.53,62.97,28.34,71.96,84.38
2008-02-13,35.51,129.4,34.98,108.42,63.41,28.96,71.63,85.49
2008-02-14,35.36,127.46,34.39,106.13,62.79,28.5,71.57,85.55
2008-02-15,35.72,124.63,34.37,106.16,62.9,28.42,71.73,85.37
2008-02-19,36.2,122.18,34.28,105.0,63.66,28.17,71.14,87.01
2008-02-20,36.83,123.82,34.36,107.85,63.23,28.22,71.12,88.1
2008-02-21,36.3,121.54,33.69,106.93,62.98,28.1,71.08,86.92
2008-02-22,36.55,119.46,33.55,108.07,63.18,27.68,71.38,87.17
2008-02-25,38.85,119.74,34.21,110.08,63.85,27.84,71.59,89.13
2008-02-26,38.5,119.15,33.94,114.38,63.72,28.38,71.33,89.89
2008-02-27,39.02,122.96,34.02,116.46,63.04,28.26,71.2,89.39
2008-02-28,39.12,129.91,33.85,115.24,62.71,27.93,71.06,89.38
2008-02-29,37.14,125.02,33.14,113.86,61.96,27.2,69.56,87.01
2008-03-03,38.32,121.73,33.4,114.23,62.23,26.99,70.17,87.75
2008-03-04,38.0,124.62,33.52,115.71,62.64,27.59,70.04,86.69
2008-03-05,38.71,124.49,33.67,115.39,63.13,28.12,70.28,87.19
2008-03-06,38.37,120.93,32.86,112.52,62.63,27.57,70.12,84.51
2008-03-07,36.6,122.25,32.23,113.94,61.51,27.87,69.59,82.49
2008-03-10,35.64,119.69,31.7,114.01,61.33,28.05,69.02,82.46
2008-03-11,37.76,127.35,33.4,116.49,62.44,29.28,69.95,86.68
2008-03-12,37.79,126.03,33.96,117.07,62.55,28.63,69.56,85.97
2008-03-13,38.47,127.94,34.25,115.91,62.81,28.62,69.24,87.05
2008-03-14,38.39,126.61,33.82,115.23,62.65,27.96,68.45,85.91
2008-03-17,37.1,126.73,34.33,115.55,64.04,28.3,69.15,85.79
2008-03-18,38.6,132.82,36.14,118.41,65.31,29.42,70.02,88.47
2008-03-19,35.62,129.67,35.59,116.94,64.88,28.62,70.18,84.43
2008-03-20,34.68,133.27,37.49,118.33,65.38,29.18,71.19,85.0
2008-03-24,35.04,139.53,37.4,119.06,64.89,29.17,71.45,85.95
2008-03-25,35.74,140.98,37.27,117.97,64.55,29.14,71.54,85.2
2008-03-26,36.03,145.06,37.13,116.91,64.7,28.56,71.16,86.26
2008-03-27,35.38,140.25,36.83,115.52,64.62,28.05,71.19,86.2
2008-03-28,36.11,143.01,36.61,114.57,64.18,27.91,71.56,85.22
2008-03-31,36.06,143.5,37.01,115.14,64.87,28.38,72.2,84.58
2008-04-01,36.54,149.53,38.43,116.49,65.87,29.5,72.13,87.02
2008-04-02,36.43,147.49,38.02,114.81,65.31,29.16,71.42,88.52
2008-04-03,38.54,151.61,37.84,116.02,65.27,29.0,71.4,88.23
2008-04-04,39.0,153.08,37.56,115.76,65.73,29.16,71.53,88.74
2008-04-07,37.44,155.89,37.26,116.31,66.14,29.16,71.86,88.92
2008-04-08,37.18,152.84,36.95,116.27,66.32,28.75,71.28,89.61
2008-04-09,36.84,151.44,36.44,116.77,66.29,28.89,70.97,89.7
2008-04-10,36.11,154.55,36.75,118.78,66.33,29.11,71.7,89.55
2008-04-11,35.15,147.14,32.05,116.0,66.0,28.28,71.4,88.62
2008-04-14,33.93,147.78,31.75,117.28,65.74,28.06,70.95,89.7
2008-04-15,34.84,148.38,31.98,117.17,65.65,28.25,71.22,90.8
2008-04-16,35.97,153.7,32.23,120.47,65.7,28.95,71.11,92.89
2008-04-17,35.57,154.49,32.02,123.08,65.76,29.22,70.77,93.38
2008-04-18,36.26,161.04,32.69,124.4,66.51,30.0,70.6,94.0
2008-04-21,36.25,168.16,32.46,124.35,66.32,30.42,69.9,94.26
2008-04-22,35.7,160.2,32.33,123.67,66.99,30.25,69.1,94.39
2008-04-23,35.33,162.89,32.36,123.6,67.26,31.45,69.19,94.22
2008-04-24,34.85,168.94,32.81,124.19,67.37,31.8,68.0,92.6
2008-04-25,35.72,169.73,33.33,123.08,67.31,29.83,67.62,92.46
2008-04-28,35.74,172.24,33.17,121.69,67.32,28.99,68.16,92.45
2008-04-29,34.65,175.05,32.82,122.85,67.19,28.64,68.2,91.79
2008-04-30,34.78,173.95,32.7,120.7,67.09,28.52,68.53,93.07
2008-05-01,34.72,180.0,33.12,123.61,67.81,29.4,68.5,89.7
2008-05-02,36.11,180.94,33.34,123.18,68.26,29.24,69.1,89.61
2008-05-05,36.89,184.73,33.18,122.03,67.9,29.08,68.57,89.51
2008-05-06,38.0,186.66,33.0,122.82,67.58,29.7,68.57,90.07
2008-05-07,38.09,182.59,32.57,124.14,66.91,29.21,68.01,88.82
2008-05-08,39.65,185.06,32.59,124.92,66.9,29.27,67.54,89.93
2008-05-09,39.04,183.45,32.27,124.06,66.55,29.39,67.51,88.82
2008-05-12,41.61,188.16,32.4,125.24,66.71,29.99,67.35,89.19
2008-05-13,42.12,189.96,32.33,126.58,66.41,29.78,67.25,89.68
2008-05-14,42.0,186.26,32.51,127.52,66.81,29.93,67.1,89.91
2008-05-15,42.74,189.73,32.37,128.46,66.68,30.45,68.07,91.3
2008-05-16,43.15,187.62,32.13,127.82,66.68,29.99,67.87,92.67
2008-05-19,44.59,183.6,32.4,126.49,66.63,29.46,68.03,94.36
2008-05-20,43.23,185.9,31.72,125.18,66.15,28.76,67.46,94.56
2008-05-21,41.7,178.19,30.99,123.62,65.73,28.25,67.27,93.67
2008-05-22,40.8,177.05,31.01,124.7,65.41,28.47,68.38,92.51
2008-05-23,40.25,181.17,30.43,124.2,64.92,28.05,68.26,90.7
2008-05-27,40.38,186.43,30.4,127.32,65.15,28.44,69.01,89.8
2008-05-28,41.57,187.01,30.55,129.54,64.88,28.18,67.93,90.43
2008-05-29,40.34,186.69,30.64,129.71,66.42,28.31,68.83,89.35
2008-05-30,40.59,188.75,30.72,129.43,66.74,28.32,68.3,88.76
2008-06-02,40.63,186.1,30.41,127.36,66.51,27.8,67.55,87.81
2008-06-03,39.6,185.37,30.46,127.84,66.76,27.31,67.05,85.71
2008-06-04,38.9,185.19,30.45,127.55,66.55,27.54,66.67,85.75
2008-06-05,40.08,189.43,31.06,128.47,66.96,28.3,67.29,89.31
2008-06-06,39.22,185.64,30.02,124.94,65.76,27.49,65.52,86.79
2008-06-09,42.17,181.61,30.06,125.86,65.63,27.71,65.37,89.07
2008-06-10,42.72,185.64,30.33,125.94,65.62,27.89,67.58,87.89
2008-06-11,39.32,180.81,29.83,123.25,65.2,27.12,67.49,88.61
2008-06-12,37.74,173.26,29.05,123.85,65.69,28.24,67.95,87.06
2008-06-13,39.46,172.37,29.15,126.15,66.27,29.07,67.54,88.36
2008-06-16,39.7,176.84,28.97,126.71,65.84,28.93,66.04,87.99
2008-06-17,39.45,181.43,28.86,125.1,65.59,28.8,65.87,88.62
2008-06-18,39.1,178.75,28.21,124.16,64.44,28.46,65.06,87.83
2008-06-19,39.12,180.9,27.91,125.02,64.62,28.93,65.89,85.79
2008-06-20,37.34,175.27,27.38,122.74,64.06,28.23,65.08,84.91
2008-06-23,37.71,173.16,27.4,123.46,64.29,27.97,64.63,87.7
2008-06-24,36.89,173.25,27.59,123.46,64.72,27.73,64.02,86.92
2008-06-25,36.94,177.39,27.99,124.58,65.28,28.35,65.52,87.6
2008-06-26,35.3,168.26,26.53,121.13,64.26,27.75,64.77,86.41
2008-06-27,35.38,170.09,26.26,120.05,63.57,27.63,63.93,86.55
2008-06-30,35.62,167.44,26.69,118.53,64.34,27.51,63.59,88.13
2008-07-01,34.44,174.68,27.12,119.27,64.69,26.87,64.4,88.35
2008-07-02,32.11,168.18,26.51,119.1,64.64,25.88,65.76,87.41
2008-07-03,32.78,170.12,26.91,119.54,65.12,25.98,66.77,88.27
2008-07-07,33.39,175.16,27.1,121.5,65.25,26.03,66.62,86.95
2008-07-08,32.33,179.55,28.06,123.88,66.21,25.85,65.83,85.94
2008-07-09,31.54,174.25,27.19,120.4,66.18,25.23,65.35,84.31
2008-07-10,34.6,176.63,27.64,123.18,66.94,25.45,65.59,86.06
2008-07-11,34.64,172.58,27.66,122.12,66.26,25.25,64.66,85.48
2008-07-14,34.94,173.88,27.18,121.54,66.41,25.15,64.91,85.42
2008-07-15,34.51,169.64,26.65,123.2,67.7,26.15,65.57,82.19
2008-07-16,34.78,172.81,27.68,125.94,68.19,27.26,66.09,80.81
2008-07-17,33.74,171.81,28.0,126.52,67.83,27.52,65.53,80.33
2008-07-18,33.81,165.15,28.0,129.89,67.82,25.86,65.41,81.54
2008-07-21,33.96,166.29,27.69,128.66,67.11,25.64,64.45,82.98
2008-07-22,33.88,162.02,28.5,130.0,67.99,25.8,66.19,82.86
2008-07-23,32.73,166.26,29.33,129.52,68.27,26.43,67.72,80.99
2008-07-24,31.28,159.03,28.71,130.0,68.66,25.44,67.4,80.8
2008-07-25,31.81,162.12,28.71,128.53,69.03,26.16,67.22,81.7
2008-07-28,32.66,154.4,27.69,126.25,68.48,25.5,66.71,80.68
2008-07-29,33.36,157.08,28.4,127.66,68.48,26.11,66.98,80.9
2008-07-30,34.84,159.88,28.97,128.86,68.08,26.23,66.91,84.38
2008-07-31,33.75,158.95,28.29,127.98,68.47,25.72,66.56,80.43
2008-08-01,32.14,156.66,28.21,126.64,68.1,25.44,66.63,79.72
2008-08-04,31.04,153.23,28.17,127.56,68.98,25.28,67.67,76.6
2008-08-05,31.83,160.64,29.25,128.87,70.45,26.21,68.52,78.35
2008-08-06,32.17,164.19,29.0,129.16,71.07,27.02,68.54,78.33
2008-08-07,31.8,163.57,28.57,129.05,70.65,27.39,67.95,77.44
2008-08-08,31.76,169.55,29.64,128.81,71.55,28.13,69.35,78.72
2008-08-11,31.23,173.56,29.95,126.6,71.66,27.9,69.27,78.16
2008-08-12,30.96,176.73,29.74,125.22,71.7,28.12,69.62,76.88
2008-08-13,32.25,179.3,29.31,125.8,71.2,27.91,69.74,78.17
2008-08-14,31.86,179.32,29.52,126.94,71.19,27.91,69.94,77.45
2008-08-15,31.81,175.74,29.8,126.36,71.33,27.81,70.2,77.07
2008-08-18,31.11,175.39,29.35,124.59,71.09,27.69,69.81,76.53
2008-08-19,31.11,173.53,28.71,122.56,71.15,27.32,70.1,77.95
2008-08-20,31.71,175.84,28.65,122.51,71.08,27.29,69.85,78.81
2008-08-21,32.14,174.29,28.75,122.99,71.28,27.18,69.39,80.35
2008-08-22,32.28,176.79,29.12,124.93,71.42,27.84,69.9,80.3
2008-08-25,31.42,172.55,28.32,122.86,70.8,27.66,69.05,78.71
2008-08-26,31.61,173.64,28.27,122.5,70.71,27.27,68.7,79.95
2008-08-27,32.08,174.67,28.22,123.38,71.21,27.56,69.2,80.47
2008-08-28,32.4,173.74,28.83,124.58,71.41,27.94,69.19,81.18
2008-08-29,32.13,169.53,28.1,121.73,70.43,27.29,68.48,80.01
2008-09-02,30.46,166.19,28.53,118.41,71.73,27.1,69.46,77.32
2008-09-03,29.8,166.96,28.57,118.34,71.51,26.9,69.19,78.02
2008-09-04,28.56,161.22,27.7,115.0,70.45,26.35,68.39,76.14
2008-09-05,28.3,160.18,27.88,114.33,70.67,25.65,68.92,75.62
2008-09-08,27.54,157.92,29.09,117.29,72.22,26.12,70.34,76.77
2008-09-09,26.82,151.68,28.12,115.04,71.34,26.1,71.0,73.26
2008-09-10,27.19,151.61,28.09,118.04,71.23,26.44,71.83,75.25
2008-09-11,27.62,152.65,28.16,119.2,71.16,27.34,72.62,75.56
2008-09-12,28.67,148.94,26.75,118.97,70.59,27.62,73.15,77.5
2008-09-15,26.93,140.36,24.6,115.19,69.61,26.82,72.35,73.25
2008-09-16,26.5,139.88,25.06,116.05,69.8,25.99,72.98,76.43
2008-09-17,25.17,127.83,23.39,111.47,69.51,24.57,71.68,75.28
2008-09-18,25.87,134.09,24.79,115.12,70.93,25.26,73.23,77.75
2008-09-19,26.79,140.91,26.62,118.85,69.99,25.16,73.19,79.61
2008-09-22,26.8,131.05,26.15,116.21,68.41,25.4,71.08,78.88
2008-09-23,25.59,126.84,24.95,115.36,68.15,25.44,70.75,77.69
2008-09-24,25.62,128.71,24.59,116.46,68.19,25.72,70.1,78.03
2008-09-25,24.92,131.93,25.68,120.11,69.36,26.61,71.3,80.67
2008-09-26,23.54,128.24,25.25,119.42,69.4,27.4,71.71,80.65
2008-09-29,21.38,105.26,23.1,114.46,66.9,25.01,69.66,74.06
2008-09-30,22.58,113.66,25.5,116.96,69.28,26.69,71.27,77.66
2008-10-01,21.27,109.12,24.5,110.13,67.79,26.48,71.64,78.58
2008-10-02,19.38,100.1,22.15,104.74,67.79,26.25,70.91,77.5
2008-10-03,19.24,97.07,21.57,103.44,66.16,26.32,69.0,77.94
2008-10-06,18.11,98.14,21.38,100.62,64.5,24.91,66.64,77.32
2008-10-07,16.71,89.16,20.3,95.65,62.49,23.23,65.12,76.07
2008-10-08,14.71,89.79,20.65,90.55,62.36,23.01,63.61,77.0
2008-10-09,12.46,88.74,19.01,89.0,57.58,22.3,59.52,68.0
2008-10-10,11.25,96.8,21.5,87.75,55.85,21.5,57.8,62.36
2008-10-13,13.82,110.26,21.0,92.21,62.68,25.5,61.77,73.08
2008-10-14,12.99,104.08,20.85,93.6,64.0,24.1,54.4,72.46
2008-10-15,11.33,97.95,19.25,88.29,60.54,22.66,51.25,62.35
2008-10-16,12.21,101.89,19.89,91.52,63.5,24.19,53.08,69.45
2008-10-17,11.8,97.4,19.63,90.78,62.65,23.93,53.88,68.04
2008-10-20,12.41,98.44,20.14,92.51,64.44,24.72,56.76,74.99
2008-10-21,12.15,91.49,20.35,88.86,63.66,23.36,55.0,71.5
2008-10-22,10.52,96.87,18.96,83.6,61.42,21.53,53.64,64.57
2008-10-23,9.99,98.23,18.8,84.35,62.45,22.32,53.48,70.39
2008-10-24,9.41,96.38,17.83,82.07,60.79,21.96,51.76,69.04
2008-10-27,9.04,92.09,17.73,79.66,60.15,21.18,51.49,66.09
2008-10-28,10.78,99.91,19.49,87.28,64.19,23.1,55.83,74.86
2008-10-29,11.15,104.55,19.2,88.2,61.53,23.0,55.0,74.65
2008-10-30,11.45,111.04,19.35,90.69,60.57,22.63,57.08,75.05
2008-10-31,11.5,107.59,19.51,92.97,61.34,22.33,57.01,74.12
2008-11-03,11.88,106.96,19.3,92.68,61.16,22.62,57.47,74.29
2008-11-04,12.47,110.99,20.77,93.4,61.89,23.53,58.34,77.49
2008-11-05,11.8,103.3,19.93,89.94,59.85,22.08,57.01,73.69
2008-11-06,10.26,99.1,18.34,85.15,57.92,20.88,54.85,69.96
2008-11-07,11.19,98.24,18.86,86.27,60.22,21.5,55.36,73.95
2008-11-10,11.78,95.88,18.45,83.87,60.01,21.3,54.61,74.02
2008-11-11,10.94,94.77,17.81,82.74,59.55,21.2,55.08,72.65
2008-11-12,10.17,90.12,16.29,79.74,57.92,20.3,53.1,68.93
2008-11-13,11.2,96.44,16.86,84.21,62.9,21.25,55.59,75.41
2008-11-14,10.84,90.24,16.02,80.33,60.05,20.06,53.52,73.68
2008-11-17,9.67,88.14,16.11,77.48,59.27,19.32,52.97,73.38
2008-11-18,9.48,89.91,16.06,80.08,60.89,19.62,53.14,76.33
2008-11-19,8.16,86.29,14.45,75.97,58.12,18.29,52.1,73.42
2008-11-20,6.85,80.49,12.84,71.74,55.81,17.53,50.29,68.51
2008-11-21,8.44,82.58,14.03,74.88,58.35,19.68,54.59,75.81
2008-11-24,9.15,92.95,15.26,79.89,59.11,20.69,55.66,78.8
2008-11-25,9.7,90.8,15.77,80.65,58.7,19.99,54.0,78.11
2008-11-26,10.48,95.0,16.19,81.67,58.27,20.49,54.93,80.89
2008-11-28,10.76,92.67,17.17,81.6,58.58,20.22,56.7,80.15
2008-12-01,9.31,88.93,15.5,76.9,55.33,18.61,53.64,74.31
2008-12-02,9.76,92.47,17.61,79.84,56.83,19.15,54.45,77.61
2008-12-03,9.29,95.9,18.13,80.67,57.32,19.87,54.08,78.93
2008-12-04,8.06,91.41,17.55,77.44,56.18,19.11,52.33,76.27
2008-12-05,8.15,94.0,17.85,80.59,58.23,19.87,53.37,76.6
2008-12-08,9.58,99.72,18.88,84.86,58.77,21.01,53.6,79.6
2008-12-09,9.55,100.06,17.78,82.69,57.81,20.6,52.27,78.2
2008-12-10,10.2,98.21,18.0,82.86,57.8,20.61,53.01,80.07
2008-12-11,9.98,95.0,17.05,80.58,58.25,19.45,52.71,80.02
2008-12-12,10.08,98.27,17.11,82.2,57.25,19.36,52.03,80.45
2008-12-15,9.91,94.75,16.95,82.77,57.81,19.04,52.42,79.95
2008-12-16,10.39,95.43,17.92,86.4,59.6,20.11,54.21,83.14
2008-12-17,10.35,89.16,17.39,85.84,58.78,19.66,54.33,81.06
2008-12-18,9.77,89.43,15.96,84.0,58.99,19.3,54.71,77.0
2008-12-19,9.7,90.0,16.5,83.52,58.84,19.12,54.09,75.02
2008-12-22,9.23,85.74,16.07,81.99,58.93,19.18,53.75,74.91
2008-12-23,9.57,86.38,16.43,80.6,58.68,19.28,54.17,75.1
2008-12-24,9.39,85.04,16.11,80.52,58.56,19.17,54.54,75.78
2008-12-26,9.78,85.81,15.97,81.33,58.56,19.13,54.56,77.19
2008-12-29,9.73,86.61,15.66,81.25,58.15,18.96,54.07,78.02
2008-12-30,10.69,86.29,15.82,83.55,59.17,19.34,54.88,78.59
2008-12-31,11.26,85.35,16.2,84.16,59.83,19.44,54.77,79.83
2009-01-02,12.11,90.75,17.07,87.37,60.65,20.33,55.97,81.64
2009-01-05,11.86,94.58,16.63,86.82,60.05,20.52,55.6,81.63
2009-01-06,12.12,93.02,16.86,89.23,59.69,20.76,55.7,80.3
2009-01-07,10.89,91.01,16.11,87.79,59.13,19.51,53.89,78.25
2009-01-08,11.36,92.7,16.14,87.18,59.02,20.12,53.25,79.09
2009-01-09,10.81,90.58,16.0,84.7,59.05,19.52,52.57,77.57
2009-01-12,10.06,88.66,15.83,85.71,58.34,19.47,51.39,76.54
2009-01-13,9.55,87.71,14.94,85.34,58.84,19.82,52.23,77.92
2009-01-14,9.03,85.33,14.11,83.19,57.95,19.09,51.1,75.1
2009-01-15,9.37,83.38,13.77,84.12,57.62,19.24,50.53,76.66
2009-01-16,9.43,82.33,13.96,84.92,57.44,19.71,51.37,78.1
2009-01-20,8.35,78.2,12.93,81.98,56.75,18.48,50.43,76.29
2009-01-21,8.56,82.83,13.03,91.42,56.36,19.38,50.44,79.26
2009-01-22,8.25,88.36,13.48,90.07,56.87,17.11,50.35,78.23
2009-01-23,8.33,88.36,12.03,89.49,55.97,17.2,50.62,78.04
2009-01-26,8.35,89.64,12.42,91.6,56.55,17.63,51.42,78.6
2009-01-27,8.61,90.73,13.06,91.66,57.54,17.66,51.64,78.92
2009-01-28,8.75,94.2,13.5,94.82,58.56,18.04,52.04,79.25
2009-01-29,8.44,93.0,12.72,92.51,58.28,17.59,51.68,77.0
2009-01-30,7.79,90.13,12.13,91.65,57.69,17.1,50.23,76.48
2009-02-02,7.69,91.51,11.62,90.93,57.69,17.83,50.13,76.69
2009-02-03,8.04,92.98,11.37,93.48,58.58,18.5,51.52,78.12
2009-02-04,7.82,93.55,11.26,92.83,57.96,18.63,51.49,77.66
2009-02-05,8.06,96.46,10.85,92.41,58.11,19.04,52.35,79.78
2009-02-06,8.4,99.72,11.1,96.14,58.51,19.66,53.53,80.34
2009-02-09,8.5,102.51,12.64,96.82,58.5,19.44,51.43,79.48
2009-02-10,7.65,97.83,11.62,93.27,56.73,18.8,49.53,76.14
2009-02-11,7.7,96.82,11.94,95.16,57.33,19.21,50.61,74.58
2009-02-12,7.51,99.27,11.68,95.07,57.78,19.26,52.0,75.22
2009-02-13,7.48,99.16,11.44,93.84,57.1,19.09,52.57,74.59
2009-02-17,6.75,94.53,10.81,90.67,55.98,18.09,51.82,71.28
2009-02-18,6.49,94.37,10.86,91.51,55.83,18.12,51.53,71.94
2009-02-19,6.35,90.64,10.06,88.93,55.93,17.91,52.2,72.16
2009-02-20,6.29,91.2,9.38,88.79,54.65,18.0,51.45,71.23
2009-02-23,5.81,86.95,8.85,84.37,53.65,17.21,50.16,69.3
2009-02-24,6.39,90.25,9.08,86.4,54.54,17.17,51.68,72.09
2009-02-25,6.47,91.16,9.01,85.9,53.96,16.96,50.72,72.05
2009-02-26,6.51,89.19,9.1,88.97,52.44,16.42,49.42,70.95
2009-02-27,6.23,89.31,8.51,92.03,50.0,16.15,48.14,67.9
2009-03-02,5.49,87.94,7.6,89.05,47.92,15.79,46.85,64.91
2009-03-03,5.53,88.37,7.01,87.77,47.64,15.88,48.47,64.36
2009-03-04,6.24,91.17,6.69,89.49,49.1,16.12,47.6,65.68
2009-03-05,5.26,88.84,6.66,87.48,47.67,15.27,45.97,62.22
2009-03-06,5.22,85.3,7.06,85.81,47.97,15.28,47.1,64.03
2009-03-09,5.39,83.11,7.41,83.48,46.6,15.15,45.81,64.57
2009-03-10,6.12,88.63,8.87,87.25,47.78,16.48,46.6,67.39
2009-03-11,5.76,92.68,8.49,88.62,47.9,17.11,47.42,65.77
2009-03-12,5.98,96.35,9.57,90.4,49.0,17.01,48.29,67.15
2009-03-13,5.73,95.93,9.62,90.36,50.64,16.65,48.62,67.2
2009-03-16,6.12,95.42,9.66,91.22,50.73,16.25,48.73,66.97
2009-03-17,5.59,99.66,10.0,92.91,50.72,16.9,49.25,69.09
2009-03-18,5.48,101.52,10.32,91.95,50.66,16.96,49.47,69.17
2009-03-19,6.4,101.62,10.13,92.66,50.06,17.14,48.99,68.33
2009-03-20,6.54,101.59,9.54,92.51,51.67,17.06,50.02,66.09
2009-03-23,7.4,107.66,10.43,98.71,53.23,18.33,51.63,70.53
2009-03-24,7.32,106.5,10.41,98.3,52.7,17.93,51.53,69.38
2009-03-25,7.72,106.49,10.49,97.95,52.86,17.88,52.47,70.16
2009-03-26,8.12,109.87,10.9,98.78,52.9,18.83,53.16,71.23
2009-03-27,7.8,106.85,10.78,94.15,52.83,18.13,52.39,69.98
2009-03-30,6.69,104.49,9.93,94.52,53.01,17.48,51.79,68.63
2009-03-31,7.34,105.12,10.11,96.89,52.6,18.37,51.48,68.1
2009-04-01,7.6,108.69,10.17,97.61,53.04,19.31,52.22,69.23
2009-04-02,8.18,112.71,10.74,100.82,52.97,19.29,52.86,70.25
2009-04-03,8.17,115.99,10.94,102.22,52.15,18.75,52.69,70.44
2009-04-06,7.91,118.45,11.19,101.56,52.2,18.76,52.67,70.05
2009-04-07,7.79,115.0,10.65,98.75,51.36,18.76,52.25,68.71
2009-04-08,8.06,116.32,10.64,101.19,51.45,19.19,52.28,68.96
2009-04-09,8.85,119.57,11.33,101.7,51.41,19.67,52.1,69.84
2009-04-13,9.15,120.22,12.13,99.95,51.15,19.59,51.49,68.02
2009-04-14,8.83,118.31,11.51,99.27,51.37,19.35,50.56,67.7
2009-04-15,9.05,117.64,11.83,98.85,51.77,18.83,52.04,68.14
2009-04-16,9.15,121.45,12.27,101.43,52.2,19.76,51.96,67.41
2009-04-17,9.26,123.42,12.39,101.27,53.05,19.2,52.13,66.75
2009-04-20,8.36,120.5,11.35,100.43,52.47,18.61,49.86,65.29
2009-04-21,8.69,121.76,11.7,102.31,52.46,18.97,49.35,66.23
2009-04-22,8.64,121.51,11.8,102.55,51.18,18.78,47.98,64.75
2009-04-23,8.9,125.4,11.88,101.42,51.4,18.92,47.89,65.71
2009-04-24,9.14,123.9,12.11,100.08,50.92,20.91,48.52,66.57
2009-04-27,8.79,124.73,12.09,99.95,50.86,20.4,49.11,66.13
2009-04-28,8.52,123.9,12.0,101.94,50.65,19.93,50.04,67.08
2009-04-29,8.8,125.14,12.22,104.04,51.03,20.25,50.45,68.44
2009-04-30,9.07,125.83,12.65,103.21,52.36,20.26,49.76,66.67
2009-05-01,9.69,127.24,12.69,104.61,52.59,20.24,49.79,68.01
2009-05-04,10.36,132.07,13.1,106.19,53.76,20.19,49.1,68.2
2009-05-05,10.13,132.71,13.1,105.85,54.36,19.79,49.73,67.65
2009-05-06,10.5,132.5,13.67,104.62,54.21,19.79,49.72,68.58
2009-05-07,9.85,129.06,13.96,102.59,54.89,19.32,49.49,68.93
2009-05-08,10.01,129.19,14.53,101.49,54.98,19.42,49.75,70.8
2009-05-11,9.59,129.57,14.19,102.9,54.11,19.32,49.58,69.27
2009-05-12,9.46,124.42,13.68,103.94,55.0,19.89,49.27,70.82
2009-05-13,8.63,119.49,12.91,102.26,55.15,19.75,49.66,69.77
2009-05-14,8.74,122.95,13.04,101.05,55.02,20.06,50.87,69.76
2009-05-15,9.03,122.42,12.86,101.37,55.41,20.22,50.32,69.11
2009-05-18,9.49,126.65,13.47,104.58,56.05,20.6,51.17,70.5
2009-05-19,9.68,127.45,13.7,105.51,55.89,20.31,51.61,70.52
2009-05-20,9.49,125.87,13.77,104.05,55.87,20.38,52.06,69.61
2009-05-21,9.1,124.18,13.24,102.82,54.99,19.82,51.49,68.39
2009-05-22,8.86,122.5,13.1,101.89,54.77,19.75,51.57,68.83
2009-05-26,9.27,130.78,13.39,105.02,55.26,20.34,51.28,69.81
2009-05-27,9.05,133.05,12.99,102.93,54.22,20.13,50.01,68.3
2009-05-28,9.09,135.07,13.19,104.69,54.53,20.45,51.02,69.23
2009-05-29,9.22,135.81,13.48,106.28,55.16,20.89,52.05,69.35
2009-06-01,9.83,139.35,13.86,108.37,55.78,21.4,53.13,71.76
2009-06-02,10.52,139.49,13.8,106.83,56.21,21.4,55.37,72.92
2009-06-03,10.07,140.95,13.5,106.49,56.16,21.73,54.27,72.08
2009-06-04,10.69,143.74,13.75,106.33,55.84,21.83,54.82,72.98
2009-06-05,10.94,144.67,13.54,107.24,55.93,22.14,54.88,72.97
2009-06-08,10.77,143.85,13.56,107.49,55.63,22.05,54.15,73.17
2009-06-09,11.15,142.72,13.57,108.14,55.7,22.08,53.48,73.12
2009-06-10,11.49,140.25,13.4,108.35,55.66,22.55,53.36,73.84
2009-06-11,12.22,139.95,13.46,109.4,56.05,22.83,52.97,74.05
2009-06-12,11.99,136.97,13.51,108.21,56.06,23.33,53.65,73.78
2009-06-15,11.21,136.09,13.15,107.62,54.75,23.42,52.88,72.81
2009-06-16,10.9,136.35,12.78,107.32,54.62,23.45,52.34,71.63
2009-06-17,10.49,135.58,12.25,107.0,55.2,23.68,52.97,71.42
2009-06-18,10.78,135.88,11.97,106.33,55.79,23.5,54.49,71.44
2009-06-19,11.0,139.48,12.1,105.89,56.09,24.07,53.91,71.05
2009-06-22,10.02,137.37,11.52,104.52,55.49,23.28,53.49,68.84
2009-06-23,10.0,134.01,11.6,104.44,55.01,23.34,53.01,68.95
2009-06-24,10.21,136.22,11.7,104.15,55.46,23.47,53.05,68.45
2009-06-25,10.72,139.86,11.86,106.06,56.27,23.79,53.99,69.88
2009-06-26,10.76,142.44,11.75,105.68,56.6,23.35,54.7,69.05
2009-06-29,10.44,141.97,11.76,105.83,56.96,23.86,54.84,70.58
2009-06-30,10.33,142.43,11.72,104.42,56.8,23.77,54.96,69.91
2009-07-01,10.35,142.83,11.78,104.84,57.07,24.04,56.52,70.56
2009-07-02,9.86,140.02,11.46,101.73,55.98,23.37,56.35,68.49
2009-07-06,9.26,138.61,11.48,101.65,56.62,23.2,57.13,68.1
2009-07-07,9.41,135.4,11.01,100.19,56.23,22.53,56.0,66.56
2009-07-08,9.46,137.22,10.71,100.68,57.08,22.56,54.85,66.26
2009-07-09,9.23,136.36,10.86,102.08,56.69,22.44,54.68,65.97
2009-07-10,9.34,138.52,10.78,100.83,56.93,22.39,54.71,65.12
2009-07-13,9.66,142.34,11.46,103.62,57.72,23.23,55.67,65.7
2009-07-14,9.59,142.27,11.64,103.25,58.23,23.11,56.09,66.22
2009-07-15,10.14,146.88,12.24,107.22,58.96,24.12,57.28,68.44
2009-07-16,10.44,147.52,12.4,110.64,59.25,24.44,57.26,68.46
2009-07-17,10.22,151.75,11.65,115.42,59.23,24.29,56.66,68.52
2009-07-20,10.6,152.91,11.67,116.44,59.06,24.53,56.08,68.94
2009-07-21,10.14,151.51,11.47,117.04,59.49,24.83,56.4,70.47
2009-07-22,10.2,156.74,11.63,115.57,59.19,24.8,55.89,69.99
2009-07-23,10.8,157.82,11.95,117.06,60.22,25.56,56.5,71.61
2009-07-24,11.02,159.99,12.03,117.64,61.51,23.45,56.41,72.29
2009-07-27,11.3,160.1,12.32,117.63,61.27,23.11,56.34,72.75
2009-07-28,11.26,160.0,12.52,117.28,60.92,23.47,55.97,71.89
2009-07-29,11.01,160.03,12.26,117.26,61.16,23.8,56.33,71.43
2009-07-30,11.46,162.79,13.11,117.86,61.79,23.81,56.6,70.72
2009-07-31,11.76,163.39,13.4,117.93,60.89,23.52,56.75,70.39
2009-08-03,12.6,166.43,13.72,119.92,61.1,23.83,56.2,70.65
2009-08-04,12.84,165.55,13.82,119.6,61.06,23.77,59.06,70.6
2009-08-05,13.28,165.11,13.99,118.47,60.45,23.81,58.39,70.03
2009-08-06,12.8,163.91,14.31,117.38,59.93,23.46,57.83,69.73
2009-08-07,13.0,165.51,14.7,119.33,59.9,23.56,57.74,69.47
2009-08-10,12.69,164.72,14.57,118.7,60.72,23.42,57.41,69.18
2009-08-11,12.71,162.83,13.99,117.79,60.22,23.13,56.91,68.13
2009-08-12,12.96,165.31,14.13,119.29,60.59,23.53,56.68,69.11
2009-08-13,13.71,168.42,14.1,119.58,60.32,23.62,56.49,68.75
2009-08-14,13.27,166.78,13.92,118.57,60.08,23.69,56.56,68.21
2009-08-17,12.41,159.59,13.36,116.86,59.82,23.25,56.18,66.55
2009-08-18,12.92,164.0,13.59,117.63,59.8,23.58,56.24,66.49
2009-08-19,12.48,164.6,13.53,118.57,60.37,23.65,56.45,68.0
2009-08-20,12.43,166.33,13.81,118.95,60.95,23.67,56.84,68.59
2009-08-21,12.56,169.22,14.21,119.9,61.03,24.41,57.49,69.92
2009-08-24,12.42,169.06,14.2,119.32,61.28,24.64,57.45,71.3
2009-08-25,12.35,169.4,14.3,118.83,61.14,24.64,57.29,70.68
2009-08-26,12.26,167.41,14.11,119.47,60.63,24.55,57.88,71.37
2009-08-27,12.4,169.45,14.19,119.43,60.49,24.69,57.76,70.86
2009-08-28,12.5,170.05,14.08,118.22,60.29,24.68,56.76,70.12
2009-08-31,12.05,168.21,13.9,118.05,60.44,24.65,56.67,69.15
2009-09-01,11.59,165.3,13.34,116.69,59.94,24.0,56.25,68.41
2009-09-02,11.55,165.18,13.2,116.09,59.76,23.86,56.35,68.18
2009-09-03,12.01,166.55,13.45,116.33,59.69,24.11,56.64,68.26
2009-09-04,12.18,170.31,13.87,117.46,60.32,24.62,57.54,69.18
2009-09-08,12.6,172.93,14.5,117.16,60.57,24.82,58.28,70.65
2009-09-09,12.81,171.14,14.87,116.76,60.92,24.78,58.04,70.5
2009-09-10,12.84,172.56,14.8,117.67,60.66,25.0,57.86,70.65
2009-09-11,12.99,172.16,14.67,118.05,60.42,24.86,58.81,69.98
2009-09-14,12.94,173.72,15.35,118.88,60.34,25.0,58.7,70.0
2009-09-15,13.99,175.16,16.0,119.35,60.15,25.2,58.29,69.49
2009-09-16,14.47,181.87,17.0,121.82,60.19,25.2,58.34,70.34
2009-09-17,14.05,184.55,16.66,121.88,60.77,25.3,58.8,69.84
2009-09-18,14.06,185.02,16.5,122.11,60.78,25.26,59.86,69.99
2009-09-21,13.94,184.02,16.76,121.57,60.67,25.3,59.02,69.57
2009-09-22,14.26,184.48,17.01,121.61,61.08,25.77,58.58,69.83
2009-09-23,14.14,185.5,17.0,120.82,60.77,25.71,58.47,69.0
2009-09-24,13.51,183.82,16.58,120.94,60.72,25.94,58.54,68.93
2009-09-25,13.08,182.37,16.37,121.08,60.62,25.55,58.68,68.7
2009-09-28,13.43,186.15,16.76,119.33,61.27,25.83,59.03,69.59
2009-09-29,13.31,185.38,16.71,118.81,60.93,25.75,58.51,69.07
2009-09-30,13.12,185.35,16.42,119.61,60.89,25.72,58.66,68.61
2009-10-01,12.92,180.86,15.97,117.9,59.81,24.88,58.46,67.27
2009-10-02,12.82,184.9,15.36,119.02,59.73,24.96,60.9,66.58
2009-10-05,13.42,186.02,15.83,119.75,59.82,24.64,60.85,67.58
2009-10-06,13.89,190.01,16.08,121.35,60.29,25.11,60.87,68.66
2009-10-07,14.2,190.25,16.16,122.78,60.71,25.1,61.17,68.67
2009-10-08,14.35,189.27,16.22,122.29,60.94,25.67,60.39,69.05
2009-10-09,14.24,190.47,16.18,125.93,61.74,25.55,60.59,69.27
2009-10-12,14.25,190.81,16.33,127.04,62.53,25.72,60.92,70.13
2009-10-13,14.11,190.02,16.39,127.02,61.01,25.81,60.6,70.26
2009-10-14,14.32,191.29,16.84,128.35,60.55,25.96,61.62,71.84
2009-10-15,14.36,190.56,16.79,127.98,60.94,26.71,62.68,72.94
2009-10-16,14.04,188.05,16.08,121.64,60.46,26.5,62.29,73.12
2009-10-19,14.07,189.86,15.84,123.06,61.16,26.36,62.05,73.62
2009-10-20,13.79,198.76,15.58,122.82,60.59,26.37,61.58,73.02
2009-10-21,13.82,204.92,15.53,120.87,60.31,26.58,61.84,73.31
2009-10-22,14.04,205.2,15.34,122.69,60.94,26.59,61.5,74.44
2009-10-23,13.73,203.94,15.2,120.36,60.54,28.02,61.03,73.57
2009-10-26,13.28,202.48,15.01,120.11,60.09,28.68,60.47,73.23
2009-10-27,12.81,197.37,14.93,120.65,60.02,28.59,61.0,74.91
2009-10-28,11.93,192.4,14.42,121.5,59.57,28.02,60.99,73.84
2009-10-29,13.0,196.35,14.87,122.87,59.86,28.22,61.39,73.96
2009-10-30,12.42,188.5,14.26,120.61,59.05,27.73,60.55,71.67
2009-11-02,12.48,189.31,14.47,120.56,59.49,27.88,60.6,72.15
2009-11-03,12.66,188.75,14.32,121.16,58.93,27.53,60.06,71.74
2009-11-04,12.51,190.81,14.19,121.29,59.52,28.06,60.38,71.3
2009-11-05,12.89,194.03,14.43,123.1,59.98,28.47,61.23,72.5
2009-11-06,12.89,194.34,15.33,123.49,60.3,28.52,61.76,72.58
2009-11-09,13.34,201.46,15.85,126.0,60.75,28.99,62.28,72.85
2009-11-10,13.47,202.98,15.78,126.91,61.23,29.01,62.08,72.61
2009-11-11,13.43,203.25,15.83,127.19,60.87,29.12,62.6,72.91
2009-11-12,13.2,201.99,15.75,126.26,61.15,29.36,61.27,71.9
2009-11-13,13.18,204.45,15.66,127.03,61.43,29.63,61.94,72.47
2009-11-16,13.61,206.63,16.0,128.21,62.19,29.54,62.43,74.43
2009-11-17,13.76,207.0,16.02,128.63,62.17,30.0,62.6,75.03
2009-11-18,13.76,205.96,16.09,128.15,62.32,30.11,62.3,75.27
2009-11-19,13.22,200.51,15.76,127.54,62.43,29.78,61.88,74.65
2009-11-20,13.13,199.92,15.59,126.96,62.31,29.62,62.08,74.38
2009-11-23,13.06,205.88,16.02,128.2,62.69,29.94,62.49,75.7
2009-11-24,12.92,204.44,16.12,127.93,63.18,29.91,62.5,75.97
2009-11-25,13.0,204.19,16.18,127.28,63.3,29.79,63.19,76.47
2009-11-27,12.66,200.59,15.94,125.7,62.89,29.22,62.3,74.87
2009-11-30,12.52,199.91,16.02,126.35,62.84,29.41,62.22,75.07
2009-12-01,12.8,196.97,16.17,127.94,63.51,30.01,63.87,76.04
2009-12-02,13.64,196.23,16.07,127.21,63.88,29.78,63.65,75.79
2009-12-03,13.27,196.48,16.0,127.55,64.16,29.83,62.76,74.99
2009-12-04,12.99,193.32,16.2,127.25,64.36,29.98,63.85,74.25
2009-12-07,13.05,188.95,16.08,127.04,64.37,29.79,64.23,73.77
2009-12-08,12.87,189.87,15.72,126.8,64.25,29.57,63.48,72.95
2009-12-09,13.08,197.8,15.66,128.39,64.38,29.71,61.8,72.79
2009-12-10,13.5,196.43,15.61,129.34,64.77,29.87,61.84,72.4
2009-12-11,14.61,194.67,15.92,129.68,64.85,29.85,61.27,72.83
2009-12-14,14.82,196.98,15.95,129.93,64.96,30.11,60.98,69.69
2009-12-15,14.68,194.17,15.75,128.49,64.74,30.02,60.99,69.17
2009-12-16,14.9,195.03,15.69,128.71,64.8,30.1,60.68,68.43
2009-12-17,14.5,191.86,15.79,127.4,64.47,29.6,60.04,68.22
2009-12-18,14.58,195.43,15.59,127.91,64.37,30.36,59.48,68.21
2009-12-21,15.73,198.23,15.57,128.65,64.33,30.52,60.48,68.51
2009-12-22,15.79,200.36,15.48,129.93,64.53,30.82,60.63,68.57
2009-12-23,16.0,202.1,15.41,130.0,64.57,30.92,60.68,68.26
2009-12-24,16.34,209.04,15.44,130.57,64.7,31.0,60.96,68.66
2009-12-28,16.1,211.61,15.34,132.31,64.94,31.17,61.16,69.08
2009-12-29,16.03,209.1,15.44,131.85,64.94,31.39,61.1,68.84
2009-12-30,16.3,211.64,15.35,132.57,64.91,30.96,61.31,68.77
2009-12-31,16.12,210.73,15.13,130.9,64.41,30.48,60.8,68.19
2010-01-04,16.65,214.01,15.45,132.45,64.68,30.95,61.24,69.15
2010-01-05,16.13,214.38,15.53,130.85,63.93,30.96,61.98,69.42
2010-01-06,16.97,210.97,15.45,130.0,64.45,30.77,61.36,70.02
2010-01-07,16.61,210.58,16.25,129.55,63.99,30.45,60.97,69.8
2010-01-08,17.02,211.98,16.6,130.85,64.21,30.66,60.77,69.52
2010-01-11,17.45,210.11,16.76,129.48,64.22,30.27,60.7,70.3
2010-01-12,15.52,207.72,16.77,130.51,64.56,30.07,61.55,69.95
2010-01-13,15.98,210.65,16.83,130.23,64.97,30.35,62.05,69.67
2010-01-14,15.81,209.43,16.7,132.31,65.1,30.96,62.8,69.68
2010-01-15,15.63,205.93,16.44,131.78,64.56,30.86,62.29,69.11
2010-01-19,15.62,215.04,16.54,134.14,65.35,31.1,62.33,69.27
2010-01-20,15.23,211.73,16.5,130.25,65.15,30.59,61.95,68.03
2010-01-21,14.25,208.07,16.02,129.0,63.97,30.01,60.94,66.7
2010-01-22,13.4,197.75,16.11,125.5,63.2,28.96,60.39,66.1
2010-01-25,13.39,203.07,16.37,126.12,63.22,29.32,60.23,65.85
2010-01-26,13.54,205.94,16.35,125.75,62.79,29.5,60.25,65.92
2010-01-27,13.3,207.88,16.3,126.33,63.44,29.67,60.29,65.54
2010-01-28,12.92,199.29,16.16,123.75,63.8,29.16,59.74,64.96
2010-01-29,12.73,192.06,16.08,122.39,62.86,28.18,59.62,64.43
2010-02-01,13.36,194.73,16.25,124.67,63.09,28.41,60.7,66.18
2010-02-02,13.67,195.86,16.85,125.53,63.99,28.46,61.15,66.96
2010-02-03,13.49,199.23,16.68,125.66,63.63,28.63,61.29,66.6
2010-02-04,12.91,192.05,16.04,123.0,62.64,27.84,59.64,64.72
2010-02-05,13.18,195.46,15.79,123.52,62.64,28.02,59.51,64.8
2010-02-08,13.06,194.12,15.6,121.88,62.37,27.72,58.96,64.35
2010-02-09,13.28,196.19,15.6,123.21,62.76,28.01,60.05,65.2
2010-02-10,13.16,195.12,15.69,122.81,62.73,27.99,60.38,64.85
2010-02-11,13.58,198.67,15.77,123.73,62.91,28.12,61.19,65.24
2010-02-12,13.28,200.38,15.55,124.0,62.72,27.93,60.92,64.8
2010-02-16,13.74,203.4,16.04,125.23,63.61,28.35,61.31,66.28
2010-02-17,13.6,202.55,16.15,126.33,63.98,28.59,62.11,65.76
2010-02-18,13.61,202.93,16.24,127.81,64.53,28.97,62.53,65.96
2010-02-19,13.53,201.67,16.17,127.19,63.81,28.77,62.66,65.87
2010-02-22,13.54,200.42,16.25,126.85,63.49,28.73,62.41,65.4
2010-02-23,13.18,197.06,15.95,126.46,63.31,28.33,61.78,64.94
2010-02-24,13.06,200.66,16.12,127.59,63.45,28.63,62.08,65.55
2010-02-25,13.31,202.0,15.92,127.07,63.28,28.6,62.3,65.14
2010-02-26,13.3,204.62,16.06,127.16,63.0,28.67,62.47,65.0
2010-03-01,13.31,208.99,15.9,128.57,63.39,29.02,63.43,65.4
2010-03-02,13.24,208.85,15.9,127.42,63.44,28.46,63.8,65.49
2010-03-03,13.34,209.33,16.03,126.88,63.4,28.46,63.98,65.43
2010-03-04,13.43,210.71,16.11,126.72,63.57,28.63,64.11,65.4
2010-03-05,13.84,218.95,16.35,127.25,64.04,28.59,64.37,66.47
2010-03-08,13.78,219.08,16.27,126.41,64.2,28.63,64.15,66.48
2010-03-09,13.67,223.02,16.49,125.55,64.27,28.8,64.36,66.78
2010-03-10,13.57,224.84,16.51,125.62,64.29,28.97,64.43,67.22
2010-03-11,13.64,225.5,16.48,127.6,64.22,29.18,64.97,67.22
2010-03-12,13.6,226.6,17.04,127.94,64.18,29.27,65.1,66.8
2010-03-15,13.51,223.84,17.29,127.83,64.57,29.29,66.15,66.3
2010-03-16,13.8,224.45,18.07,128.67,64.53,29.37,66.07,66.57
2010-03-17,14.46,224.12,18.04,127.76,64.65,29.63,66.57,67.36
2010-03-18,14.3,224.65,18.19,128.38,65.06,29.61,66.52,67.39
2010-03-19,14.26,222.25,18.07,127.71,65.11,29.59,66.56,67.04
2010-03-22,14.34,224.75,18.07,127.98,65.1,29.6,66.31,66.97
2010-03-23,14.5,228.36,18.33,129.37,65.36,29.88,66.86,66.95
2010-03-24,14.32,229.37,18.45,128.53,64.75,29.65,66.26,66.5
2010-03-25,14.11,226.65,18.3,129.24,64.57,30.01,66.55,66.3
2010-03-26,14.27,230.9,18.34,129.26,64.38,29.66,66.59,66.54
2010-03-29,14.44,232.39,18.4,128.59,64.82,29.59,66.55,67.3
2010-03-30,14.4,235.85,18.3,128.77,64.9,29.77,66.77,67.05
2010-03-31,14.24,235.0,18.2,128.25,65.2,29.29,66.16,66.98
2010-04-01,14.7,235.97,18.33,128.25,65.77,29.16,66.68,67.61
2010-04-05,14.73,238.49,18.53,129.35,65.4,29.27,65.98,68.19
2010-04-06,15.03,239.54,18.6,128.93,65.31,29.32,66.39,67.9
2010-04-07,14.74,240.6,18.5,128.48,65.22,29.35,65.99,67.34
2010-04-08,14.87,239.95,18.56,127.61,64.93,29.92,65.97,67.86
2010-04-09,14.39,241.79,18.52,128.76,65.14,30.34,66.36,68.76
2010-04-12,14.57,242.29,18.71,128.36,65.11,30.32,66.32,68.71
2010-04-13,14.34,242.43,18.95,129.03,65.68,30.45,66.39,68.66
2010-04-14,14.43,245.69,19.35,131.25,65.49,30.82,66.29,68.61
2010-04-15,14.31,248.92,19.5,130.89,65.51,30.87,66.27,68.26
2010-04-16,13.91,247.4,18.97,130.63,65.02,30.67,66.14,67.93
2010-04-19,13.72,247.07,18.94,132.23,66.03,31.04,66.12,68.23
2010-04-20,13.75,244.59,19.0,129.69,65.99,31.36,65.9,68.97
2010-04-21,13.71,259.22,19.03,128.99,65.39,31.33,65.98,68.92
2010-04-22,13.85,266.47,18.95,129.13,64.78,31.39,64.76,68.56
2010-04-23,14.11,270.83,19.07,129.99,65.04,30.96,64.71,69.24
2010-04-26,14.05,269.5,19.3,130.73,64.76,31.11,65.02,69.29
2010-04-27,13.44,262.04,18.7,128.82,64.28,30.85,64.23,68.27
2010-04-28,13.57,261.6,18.95,130.1,64.62,30.91,64.75,69.19
2010-04-29,13.72,268.64,19.49,130.46,65.01,31.0,65.2,68.66
2010-04-30,13.43,261.09,18.86,129.0,64.3,30.54,65.22,67.77
2010-05-03,13.15,266.35,19.26,129.6,65.33,30.86,65.69,67.84
2010-05-04,12.58,258.68,18.58,128.12,64.7,30.13,65.43,66.47
2010-05-05,12.46,255.99,18.1,127.46,65.14,29.85,65.2,66.17
2010-05-06,11.94,246.25,17.31,123.92,63.4,28.98,64.7,63.89
2010-05-07,12.0,235.86,16.88,122.1,63.31,28.21,64.57,63.7
2010-05-10,12.59,253.99,18.04,126.27,64.75,28.94,66.41,65.23
2010-05-11,12.13,256.52,18.0,126.89,64.67,28.88,66.55,64.46
2010-05-12,12.46,262.09,18.44,132.68,64.9,29.44,66.94,64.91
2010-05-13,12.8,258.36,18.05,131.48,64.67,29.24,66.48,64.74
2010-05-14,12.36,253.82,17.64,131.19,63.97,28.93,66.07,63.6
2010-05-17,12.1,254.22,17.56,130.44,63.88,28.94,66.75,63.27
2010-05-18,11.82,252.36,17.23,129.95,62.97,28.6,66.53,62.79
2010-05-19,11.78,248.34,17.26,128.86,62.22,28.24,66.04,62.45
2010-05-20,11.07,237.76,16.26,123.8,60.55,27.11,63.86,60.33
2010-05-21,11.35,242.32,16.42,125.42,60.88,26.84,63.58,60.88
2010-05-24,11.09,246.76,16.01,124.45,60.57,26.27,63.32,60.19
2010-05-25,11.3,245.22,15.95,124.52,60.35,26.07,62.89,59.71
2010-05-26,11.25,244.11,16.01,123.23,59.66,25.01,61.23,59.31
2010-05-27,11.82,253.35,16.66,126.39,59.03,26.0,62.9,61.46
2010-05-28,11.64,256.88,16.35,125.26,58.3,25.8,62.89,60.46
2010-06-01,11.19,260.83,15.98,124.34,58.76,25.89,62.76,59.25
2010-06-02,11.48,263.95,16.35,127.41,59.73,26.46,63.46,60.77
2010-06-03,11.37,263.12,16.45,127.96,59.77,26.86,63.37,61.56
2010-06-04,10.84,255.96,15.71,125.28,58.01,25.79,61.44,59.53
2010-06-07,10.51,250.94,15.41,124.13,58.0,25.29,61.73,59.3
2010-06-08,10.76,249.33,15.48,123.72,58.64,25.11,62.65,61.24
2010-06-09,10.8,243.2,15.32,123.9,58.17,24.79,62.49,60.03
2010-06-10,11.25,250.51,15.68,127.68,58.5,25.0,63.84,61.89
2010-06-11,11.36,253.51,15.56,128.45,58.46,25.66,63.56,61.86
2010-06-14,11.34,254.28,15.39,128.5,58.42,25.5,63.85,61.37
2010-06-15,11.59,259.69,15.79,129.79,59.14,26.58,64.24,62.51
2010-06-16,11.41,267.25,15.85,130.35,59.24,26.32,63.91,62.51
2010-06-17,11.18,271.87,15.91,130.98,59.18,26.37,64.49,62.6
2010-06-18,11.11,274.07,15.95,130.15,59.18,26.44,64.08,63.1
2010-06-21,11.72,270.17,16.1,130.65,59.13,25.95,64.02,63.13
2010-06-22,11.29,273.85,15.79,129.3,59.16,25.77,63.3,61.94
2010-06-23,11.43,270.97,15.39,130.11,59.24,25.31,62.73,61.1
2010-06-24,11.11,269.0,15.08,128.19,59.6,25.0,62.4,60.07
2010-06-25,11.23,266.7,14.91,127.12,58.7,24.53,60.77,59.1
2010-06-28,11.03,268.3,15.0,128.98,59.45,24.31,61.96,58.47
2010-06-29,10.34,256.17,14.48,125.09,59.24,23.31,61.23,57.29
2010-06-30,10.06,251.53,14.42,123.48,59.06,23.01,60.95,57.07
2010-07-01,10.05,248.48,14.12,122.57,59.07,23.16,61.52,56.61
2010-07-02,10.0,246.94,13.88,121.86,59.08,23.27,61.53,56.57
2010-07-06,10.21,248.63,13.97,123.46,59.08,23.82,61.64,57.46
2010-07-07,10.55,258.67,14.62,127.0,60.61,24.3,62.93,58.43
2010-07-08,10.72,258.09,14.83,127.97,61.38,24.41,64.0,58.81
2010-07-09,10.94,259.62,14.95,127.96,60.54,24.27,63.5,58.78
2010-07-12,10.87,257.29,14.93,128.67,60.21,24.83,63.74,58.94
2010-07-13,11.0,251.8,15.21,130.48,60.5,25.13,63.43,59.42
2010-07-14,10.91,252.73,15.2,130.72,60.62,25.44,63.56,59.26
2010-07-15,10.84,251.45,15.25,130.72,60.26,25.51,63.16,59.27
2010-07-16,10.41,249.9,14.55,128.03,59.44,24.89,62.45,57.96
2010-07-19,10.58,245.58,14.62,129.79,59.57,25.23,62.05,58.43
2010-07-20,10.85,251.89,14.94,126.55,58.58,25.48,64.73,58.95
2010-07-21,10.59,254.24,14.84,125.27,57.12,25.12,63.95,58.17
2010-07-22,10.82,259.02,15.21,127.47,57.02,25.84,64.21,59.38
2010-07-23,11.05,259.94,15.71,128.38,57.63,25.81,64.45,59.72
2010-07-26,11.23,259.28,16.14,128.41,57.74,26.1,64.98,60.39
2010-07-27,11.21,264.08,16.18,128.63,58.1,26.16,65.69,60.81
2010-07-28,11.04,260.96,16.05,128.43,57.83,25.95,65.2,60.91
2010-07-29,11.02,258.11,16.15,128.02,57.83,26.03,64.89,60.34
2010-07-30,11.17,257.25,16.12,128.4,58.09,25.81,64.91,59.68
2010-08-02,11.71,261.85,16.41,130.76,58.72,26.33,65.27,61.94
2010-08-03,11.56,261.93,16.4,130.37,59.35,26.16,65.77,62.72
2010-08-04,11.52,262.98,16.48,131.27,59.74,25.73,66.17,62.72
2010-08-05,11.58,261.7,16.52,131.83,59.76,25.37,65.58,62.71
2010-08-06,11.59,260.09,16.45,130.14,59.96,25.55,65.9,61.97
2010-08-09,11.66,261.75,16.38,132.0,60.05,25.61,66.42,62.45
2010-08-10,11.35,259.41,16.25,131.84,59.43,25.07,66.53,61.93
2010-08-11,10.66,250.19,15.7,129.83,58.5,24.86,65.45,60.39
2010-08-12,10.73,251.79,15.5,128.3,58.52,24.49,65.18,60.23
2010-08-13,10.64,249.1,15.38,127.87,58.15,24.4,65.56,59.91
2010-08-16,10.6,247.64,15.46,127.77,58.01,24.5,65.43,59.88
2010-08-17,10.95,251.97,15.58,128.45,59.22,24.71,65.55,60.82
2010-08-18,10.93,253.07,15.7,129.39,59.35,24.82,65.52,60.15
2010-08-19,10.66,249.88,15.25,128.9,58.72,24.44,64.66,59.29
2010-08-20,10.57,249.64,15.03,127.5,58.74,24.23,64.8,58.89
2010-08-23,10.37,245.8,14.89,126.47,58.87,24.28,64.82,59.5
2010-08-24,10.06,239.93,14.57,124.9,58.01,24.04,64.78,58.94
2010-08-25,10.11,242.89,14.57,125.27,57.98,24.1,64.57,58.91
2010-08-26,10.01,240.28,14.5,122.78,57.8,23.82,64.13,58.48
2010-08-27,10.32,241.62,14.71,124.73,57.6,23.93,64.12,59.8
2010-08-30,10.25,242.5,14.52,123.4,57.3,23.64,63.6,59.0
2010-08-31,10.22,243.1,14.48,123.13,57.02,23.47,64.18,59.11
2010-09-01,10.52,250.33,15.01,125.77,58.29,23.9,64.89,60.91
2010-09-02,10.83,252.17,15.15,125.04,58.61,23.94,64.97,61.06
2010-09-03,10.88,258.77,15.39,127.58,58.93,24.29,65.57,61.32
2010-09-07,10.86,257.81,15.44,125.95,58.7,23.96,65.48,60.55
2010-09-08,11.07,262.92,15.7,126.08,58.85,23.93,65.43,60.75
2010-09-09,11.23,263.07,15.91,126.36,59.82,24.01,66.1,61.05
2010-09-10,11.17,263.41,15.98,127.99,59.98,23.85,66.41,61.2
2010-09-13,11.52,267.04,16.25,129.61,60.32,25.11,66.25,61.0
2010-09-14,11.49,268.06,16.16,128.85,60.58,25.03,65.98,61.01
2010-09-15,11.43,270.22,16.34,129.43,61.05,25.12,66.5,61.0
2010-09-16,11.26,276.57,16.23,129.67,61.29,25.33,66.61,60.97
2010-09-17,11.17,275.37,16.29,130.19,61.57,25.22,66.12,60.78
2010-09-20,11.38,283.23,16.55,131.79,62.09,25.43,66.89,61.55
2010-09-21,11.17,283.77,16.52,131.98,61.94,25.15,66.46,61.54
2010-09-22,11.7,287.75,16.5,132.57,61.97,24.61,66.66,61.45
2010-09-23,11.74,288.92,16.14,131.67,61.81,24.43,65.79,61.15
2010-09-24,12.2,292.32,16.66,134.11,62.14,24.78,66.13,61.75
2010-09-27,12.07,291.16,16.43,134.65,62.03,24.73,66.37,61.71
2010-09-28,12.22,286.86,16.44,134.89,62.43,24.68,66.78,62.06
2010-09-29,12.08,287.37,16.36,135.48,62.31,24.5,66.75,61.59
2010-09-30,12.11,283.75,16.25,134.14,61.96,24.49,66.44,61.79
2010-10-01,12.23,282.52,16.36,135.64,61.75,24.38,67.0,62.54
2010-10-04,11.92,278.64,16.1,135.25,61.67,23.91,66.87,62.19
2010-10-05,12.14,288.94,16.51,137.66,62.8,24.35,67.76,63.26
2010-10-06,12.37,289.19,16.9,137.84,63.21,24.43,68.11,63.94
2010-10-07,12.2,289.22,17.05,138.72,63.22,24.53,66.1,63.85
2010-10-08,12.89,294.07,17.12,138.85,63.23,24.57,65.75,64.38
2010-10-11,12.93,295.36,16.96,139.66,63.3,24.59,65.52,64.55
2010-10-12,13.2,298.54,17.19,139.85,63.29,24.83,66.08,64.7
2010-10-13,13.37,300.14,17.28,140.37,63.58,25.34,66.4,65.04
2010-10-14,13.13,302.31,17.16,141.5,63.74,25.23,66.64,65.3
2010-10-15,13.13,314.74,16.3,141.06,63.57,25.54,66.68,65.19
2010-10-18,13.14,318.0,16.25,142.83,63.86,25.82,66.5,66.28
2010-10-19,12.67,309.49,16.07,138.03,63.29,25.1,65.41,65.12
2010-10-20,12.95,310.53,16.05,139.07,63.6,25.31,64.97,66.01
2010-10-21,12.78,309.52,16.1,139.83,63.99,25.42,65.18,66.32
2010-10-22,12.72,307.47,16.06,139.67,63.81,25.38,65.01,66.34
2010-10-25,12.88,308.84,16.06,139.84,63.98,25.19,65.05,66.2
2010-10-26,12.87,308.05,16.16,140.67,63.84,25.9,64.79,66.53
2010-10-27,12.7,307.83,16.11,141.43,63.57,26.05,64.27,65.67
2010-10-28,12.65,305.24,16.08,140.9,63.56,26.28,65.01,66.22
2010-10-29,13.14,300.98,16.02,143.6,63.74,26.67,65.3,66.49
2010-11-01,13.05,304.18,15.95,143.32,63.69,26.95,65.55,66.95
2010-11-02,13.24,309.36,15.94,143.84,63.88,27.39,65.8,67.84
2010-11-03,13.14,312.8,16.06,144.17,64.19,27.03,65.2,67.97
2010-11-04,13.6,318.27,16.51,146.79,64.76,27.14,65.35,69.38
2010-11-05,14.0,317.13,16.73,146.92,64.65,26.85,65.08,70.0
2010-11-08,13.96,318.62,16.71,146.46,64.33,26.81,65.11,70.32
2010-11-09,13.75,316.08,16.62,146.14,64.31,26.95,65.3,70.63
2010-11-10,13.88,318.03,16.55,146.55,63.95,26.94,65.25,71.13
2010-11-11,13.81,316.65,16.35,145.43,63.92,26.68,64.9,71.83
2010-11-12,13.49,308.03,16.25,143.74,63.67,26.27,64.64,70.99
2010-11-15,13.4,307.04,16.2,143.64,64.14,26.2,64.42,70.48
2010-11-16,13.03,301.59,15.86,142.24,63.14,25.81,64.04,68.94
2010-11-17,12.94,300.5,15.81,141.95,63.06,25.57,63.94,69.01
2010-11-18,13.38,308.43,16.04,144.36,63.83,25.84,64.77,70.31
2010-11-19,13.38,306.73,16.22,145.05,63.83,25.69,64.71,70.54
2010-11-22,13.29,313.36,16.03,145.39,63.62,25.73,64.7,70.19
2010-11-23,13.13,308.73,15.76,143.18,62.87,25.12,63.89,68.98
2010-11-24,13.31,314.8,15.94,145.81,63.29,25.37,64.33,69.88
2010-11-26,13.17,315.0,15.8,143.9,62.3,25.25,63.9,69.23
2010-11-29,13.29,316.87,15.97,142.89,61.91,25.31,64.01,69.45
2010-11-30,13.13,311.15,15.83,141.46,61.55,25.26,64.63,69.56
2010-12-01,13.57,316.4,16.3,144.41,62.42,26.04,65.63,71.33
2010-12-02,14.09,318.15,16.68,145.18,62.6,26.89,65.2,71.48
2010-12-03,14.23,317.44,16.78,145.38,62.56,27.02,65.17,71.19
2010-12-06,14.24,320.15,16.7,144.99,62.2,26.84,64.73,71.31
2010-12-07,14.15,318.21,17.03,144.02,62.31,26.87,64.68,71.46
2010-12-08,14.14,321.01,17.04,144.98,62.45,27.23,64.63,71.85
2010-12-09,14.15,319.76,17.13,144.3,62.06,27.08,64.72,72.0
2010-12-10,14.25,320.56,17.72,144.82,61.91,27.34,64.9,72.18
2010-12-13,14.36,321.67,17.62,144.28,61.86,27.25,65.53,72.36
2010-12-14,14.2,320.29,17.69,145.82,62.77,27.62,65.59,72.18
2010-12-15,13.96,320.36,17.49,144.72,62.57,27.85,65.24,71.85
2010-12-16,14.46,321.25,17.77,144.55,62.4,27.99,65.75,72.22
2010-12-17,14.56,320.61,17.7,145.0,62.54,27.9,65.97,72.17
2010-12-20,14.77,322.21,17.7,144.51,62.49,27.81,66.31,72.22
2010-12-21,14.89,324.2,17.9,145.74,62.34,28.07,65.4,72.72
2010-12-22,15.14,325.16,18.06,145.95,62.02,28.19,65.68,72.8
2010-12-23,15.34,323.6,18.04,145.89,62.25,28.3,65.69,73.2
2010-12-27,15.23,324.68,18.19,145.34,61.93,28.07,65.42,73.01
2010-12-28,15.25,325.47,18.32,145.71,62.05,28.01,65.28,73.42
2010-12-29,15.13,325.29,18.27,146.52,62.13,27.97,65.33,73.37
2010-12-30,15.21,323.66,18.19,146.67,61.94,27.85,65.12,73.36
2010-12-31,15.39,322.56,18.29,146.76,61.85,27.91,65.33,73.12
2011-01-03,15.8,329.57,18.28,147.48,62.82,27.98,65.75,74.55
2011-01-04,16.52,331.29,18.61,147.64,63.35,28.09,65.41,74.9
2011-01-05,16.56,334.0,18.64,147.05,63.31,28.0,66.59,74.7
2011-01-06,16.36,333.73,18.56,148.66,63.21,28.82,66.84,75.18
2011-01-07,16.42,336.12,18.43,147.93,62.6,28.6,66.39,75.59
2011-01-10,16.49,342.45,18.51,147.64,62.16,28.22,66.05,75.13
2011-01-11,16.33,341.64,18.63,147.28,62.27,28.11,66.33,75.69
2011-01-12,16.24,344.42,18.67,149.1,62.5,28.55,66.73,76.58
2011-01-13,15.75,345.68,18.6,148.82,62.91,28.19,66.91,76.71
2011-01-14,15.97,348.48,18.82,150.0,62.55,28.3,66.78,77.84
2011-01-18,16.27,340.65,18.6,150.65,62.1,28.66,66.57,78.71
2011-01-19,16.06,338.84,18.33,155.69,62.56,28.47,65.9,78.24
2011-01-20,15.98,332.68,18.43,155.8,62.86,28.35,65.9,77.75
2011-01-21,15.79,326.72,19.74,155.5,62.66,28.02,65.87,78.98
2011-01-24,16.43,337.45,20.04,159.63,62.22,28.38,66.18,78.59
2011-01-25,16.24,341.4,19.98,161.44,61.08,28.45,65.77,78.68
2011-01-26,16.6,343.85,19.92,161.04,60.6,28.78,65.86,79.66
2011-01-27,16.47,343.21,20.28,161.07,60.68,28.87,65.56,79.88
2011-01-28,16.13,336.1,20.2,159.21,60.01,27.75,64.4,78.99
2011-01-31,16.57,339.32,20.14,162.0,59.77,27.73,64.31,80.68
2011-02-01,17.32,345.03,20.8,163.56,60.63,27.99,65.05,83.91
2011-02-02,17.21,344.32,20.71,163.3,60.62,27.94,64.65,83.41
2011-02-03,17.21,343.44,20.75,163.53,60.8,27.65,64.18,83.44
2011-02-04,17.14,346.5,20.56,164.0,60.84,27.77,63.84,83.28
2011-02-07,17.32,351.88,20.87,164.82,60.87,28.2,63.68,83.93
2011-02-08,17.4,355.2,21.28,166.05,60.94,28.28,64.17,82.98
2011-02-09,17.16,358.16,21.31,164.65,60.88,27.97,64.42,82.55
2011-02-10,17.12,354.54,21.27,164.09,60.93,27.5,63.36,83.2
2011-02-11,17.37,356.85,21.33,163.85,60.7,27.25,63.87,82.82
2011-02-14,17.59,359.18,21.5,163.22,60.7,27.23,63.34,84.91
2011-02-15,17.4,359.9,21.46,162.84,60.62,26.96,64.35,82.97
2011-02-16,17.59,363.13,21.44,163.4,60.52,27.02,63.96,83.69
2011-02-17,17.52,358.3,21.52,164.24,60.79,27.21,64.7,83.88
2011-02-18,17.28,350.56,21.44,164.84,61.11,27.06,63.41,84.5
2011-02-22,16.54,338.61,20.82,161.95,60.65,26.59,63.15,85.44
2011-02-23,16.44,342.62,20.37,160.18,60.39,26.59,62.93,87.07
2011-02-24,16.55,342.88,20.58,160.77,60.25,26.77,63.03,85.97
2011-02-25,16.68,348.16,20.82,162.28,59.64,26.55,63.6,85.34
2011-02-28,16.85,353.21,20.92,161.88,61.44,26.58,63.42,85.53
2011-03-01,16.23,349.31,20.25,159.97,60.7,26.16,63.21,84.8
2011-03-02,16.18,352.12,20.32,160.16,60.81,26.08,62.94,85.08
2011-03-03,16.63,359.56,20.75,163.48,61.05,26.2,63.75,85.82
2011-03-04,16.58,360.0,20.37,161.83,61.06,25.95,63.4,85.08
2011-03-07,16.25,355.36,20.38,159.93,60.4,25.72,63.47,84.72
2011-03-08,16.49,355.76,20.63,162.28,60.71,25.91,63.79,84.6
2011-03-09,16.3,352.47,20.63,165.86,60.4,25.89,64.65,84.38
2011-03-10,15.8,346.67,20.1,162.02,59.61,25.41,64.43,81.38
2011-03-11,16.03,351.99,20.36,162.43,59.69,25.68,64.65,82.12
2011-03-14,16.12,353.56,19.92,161.39,59.13,25.69,64.14,82.38
2011-03-15,16.04,345.43,19.61,159.02,58.48,25.39,63.01,81.39
2011-03-16,15.66,330.01,18.95,153.0,57.66,24.79,62.31,79.31
2011-03-17,16.01,334.64,19.22,154.18,58.13,24.78,63.08,81.16
2011-03-18,16.11,330.67,19.25,155.89,58.57,24.8,63.24,80.85
2011-03-21,16.55,339.3,19.72,157.68,58.83,25.33,64.1,82.84
2011-03-22,16.45,341.2,19.49,158.0,58.79,25.3,63.94,82.56
2011-03-23,16.95,339.19,19.53,159.53,58.72,25.54,64.2,82.6
2011-03-24,17.11,344.97,19.78,160.04,59.03,25.81,64.2,82.73
2011-03-25,17.09,351.54,19.75,162.18,58.98,25.62,63.98,83.62
2011-03-28,17.24,350.44,19.75,161.37,59.24,25.41,64.34,83.47
2011-03-29,17.49,350.96,19.86,162.88,59.22,25.49,64.16,83.25
2011-03-30,17.64,348.63,20.11,163.6,59.38,25.61,65.05,84.49
2011-03-31,17.66,348.51,20.05,163.07,59.25,25.39,64.41,84.13
2011-04-01,17.47,344.56,20.34,164.27,59.49,25.48,65.22,84.68
2011-04-04,17.56,341.19,20.53,164.25,60.15,25.55,65.09,84.87
2011-04-05,18.05,338.89,20.33,163.99,59.8,25.78,65.58,85.42
2011-04-06,18.13,338.04,20.55,164.04,59.66,26.15,65.75,85.18
2011-04-07,18.12,338.08,20.35,164.38,59.48,26.2,65.92,85.76
2011-04-08,17.92,335.06,20.19,164.05,59.46,26.07,65.73,85.95
2011-04-11,17.77,330.8,20.18,163.95,59.86,25.98,66.04,85.16
2011-04-12,16.7,332.4,20.01,163.25,59.94,25.64,66.57,83.18
2011-04-13,16.55,336.13,19.94,163.95,59.6,25.63,66.45,83.16
2011-04-14,16.55,332.42,20.0,164.97,60.02,25.42,66.7,83.44
2011-04-15,16.52,327.46,20.04,166.21,60.56,25.37,67.11,84.29
2011-04-18,16.13,331.85,19.98,165.94,60.46,25.08,67.15,83.1
2011-04-19,16.44,337.86,20.27,165.4,62.69,25.15,66.81,83.8
2011-04-20,16.64,342.41,20.4,164.75,64.39,25.76,67.33,85.65
2011-04-21,16.97,350.7,19.95,168.28,64.07,25.52,67.41,86.36
2011-04-25,16.89,353.01,19.89,167.67,64.11,25.61,67.03,86.22
2011-04-26,17.03,350.42,20.1,168.49,64.95,26.19,67.71,87.42
2011-04-27,17.18,350.15,20.65,170.37,65.57,26.38,67.93,87.78
2011-04-28,17.09,346.75,20.6,170.78,65.38,26.71,69.72,87.34
2011-04-29,17.0,350.13,20.45,170.58,65.72,25.92,68.89,87.98
2011-05-02,17.22,346.28,20.48,172.15,66.21,25.66,69.31,86.97
2011-05-03,17.67,348.2,20.64,172.87,66.26,25.81,69.59,85.62
2011-05-04,17.47,349.57,20.27,170.62,65.67,26.06,69.83,84.81
2011-05-05,17.01,346.75,19.9,168.46,65.01,25.79,68.83,82.62
2011-05-06,17.15,346.66,20.01,168.89,65.27,25.87,69.27,82.69
2011-05-09,17.53,347.6,20.07,169.1,65.63,25.83,69.82,83.18
2011-05-10,17.52,349.45,20.3,170.38,65.76,25.67,70.03,83.34
2011-05-11,17.05,347.23,20.09,169.5,66.57,25.36,70.2,81.12
2011-05-12,17.15,346.57,20.14,172.24,67.19,25.32,70.96,81.05
2011-05-13,17.1,340.5,19.89,169.92,66.62,25.03,70.56,80.87
2011-05-16,16.92,333.3,19.76,168.86,66.37,24.57,70.72,80.24
2011-05-17,16.45,336.14,19.59,170.5,66.4,24.52,71.11,80.41
2011-05-18,16.69,339.87,19.76,170.44,66.5,24.69,71.27,81.74
2011-05-19,16.67,340.53,19.96,170.59,66.39,24.72,71.78,82.33
2011-05-20,16.26,335.22,19.62,170.16,65.69,24.49,71.3,81.57
2011-05-23,15.98,334.4,19.39,168.26,65.56,24.17,71.04,80.67
2011-05-24,16.11,332.19,19.1,167.99,65.78,24.15,70.98,81.29
2011-05-25,16.33,336.78,19.22,167.75,66.29,24.19,70.45,81.96
2011-05-26,16.37,335.0,19.42,167.18,65.51,24.67,70.42,82.39
2011-05-27,16.48,337.41,19.44,167.5,66.77,24.76,70.4,82.63
2011-05-31,16.81,347.83,19.64,168.93,67.29,25.01,71.12,83.47
2011-06-01,16.09,345.51,19.13,166.56,66.48,24.43,70.29,82.03
2011-06-02,16.2,346.1,19.09,166.09,66.48,24.22,69.51,81.33
2011-06-03,15.92,343.44,18.82,165.05,66.09,23.91,68.97,81.18
2011-06-06,15.61,338.04,18.46,164.75,66.05,24.01,68.89,80.29
2011-06-07,15.69,332.04,18.48,163.69,65.5,24.06,68.93,80.0
2011-06-08,15.41,332.24,18.51,164.34,66.14,23.94,68.84,80.76
2011-06-09,15.5,331.49,18.58,164.84,66.78,23.96,69.51,81.18
2011-06-10,15.28,325.9,18.32,163.18,66.09,23.71,68.69,79.78
2011-06-13,15.1,326.6,18.39,163.17,66.59,24.04,69.06,79.23
2011-06-14,15.41,332.44,18.6,164.12,67.1,24.22,69.57,80.38
2011-06-15,14.96,326.75,18.39,162.33,66.16,23.74,68.48,78.66
2011-06-16,14.79,325.16,18.44,162.67,66.32,24.0,68.89,79.22
2011-06-17,14.72,320.26,18.49,164.44,66.29,24.26,68.72,79.02
2011-06-20,14.78,315.32,18.48,165.02,66.51,24.47,68.98,79.71
2011-06-21,15.37,325.3,18.81,166.22,66.49,24.76,68.93,80.57
2011-06-22,15.29,322.61,18.56,165.68,66.07,24.65,68.78,79.82
2011-06-23,15.28,331.23,18.38,166.12,65.67,24.63,67.98,78.44
2011-06-24,15.23,326.35,17.97,165.07,65.06,24.3,68.45,76.78
2011-06-27,15.28,332.04,18.28,167.62,65.25,25.2,69.05,77.92
2011-06-28,15.65,335.26,18.44,170.01,65.91,25.8,69.62,79.63
2011-06-29,15.82,334.04,18.56,170.54,66.31,25.62,69.96,80.25
2011-06-30,15.86,335.67,18.86,171.55,66.52,26.0,70.43,81.38
2011-07-01,16.31,343.26,19.2,174.54,67.3,26.02,70.19,82.01
2011-07-05,16.39,349.43,19.04,175.43,67.62,26.03,69.77,81.6
2011-07-06,16.24,351.76,19.05,177.71,67.55,26.33,70.17,81.57
2011-07-07,16.49,357.2,19.3,176.48,67.92,26.77,70.52,82.36
2011-07-08,16.38,359.71,18.99,176.49,67.57,26.92,69.93,82.42
2011-07-11,15.91,354.0,18.63,174.99,67.27,26.63,69.3,81.9
2011-07-12,15.71,353.75,18.38,174.05,67.03,26.54,69.01,81.89
2011-07-13,15.85,358.02,18.51,174.32,67.63,26.63,68.89,82.48
2011-07-14,15.46,357.77,18.53,174.23,67.66,26.47,68.6,82.24
2011-07-15,15.48,364.92,18.41,175.54,67.45,26.78,68.53,83.0
2011-07-18,15.17,373.8,18.29,175.28,67.09,26.59,68.0,82.65
2011-07-19,15.44,376.85,18.58,185.21,66.72,27.54,68.54,83.63
2011-07-20,15.51,386.9,18.79,183.65,66.24,27.06,68.49,83.3
2011-07-21,15.77,387.29,19.16,184.9,66.47,27.1,66.17,85.02
2011-07-22,15.83,393.3,19.04,185.18,66.72,27.53,65.76,85.22
2011-07-25,15.65,398.5,18.96,183.7,66.25,27.91,64.37,84.57
2011-07-26,15.48,403.41,18.56,182.93,65.92,28.08,64.07,84.37
2011-07-27,14.93,392.59,18.11,181.35,65.23,27.33,63.86,83.31
2011-07-28,14.83,391.82,18.11,181.8,65.08,27.72,63.89,81.46
2011-07-29,14.73,390.48,17.91,181.85,64.79,27.4,64.04,79.79
2011-08-01,14.75,396.75,17.97,180.75,64.41,27.27,63.86,79.6
2011-08-02,14.16,388.91,17.21,178.05,63.43,26.8,63.18,77.84
2011-08-03,14.26,392.57,17.47,178.83,63.41,26.92,64.48,77.72
2011-08-04,12.94,377.37,16.47,171.48,61.84,25.94,63.35,73.84
2011-08-05,12.79,373.62,16.51,172.98,62.71,25.68,64.67,74.82
2011-08-08,11.33,353.21,15.43,166.22,61.12,24.48,62.97,70.19
2011-08-09,12.24,374.01,15.96,170.61,62.2,25.58,63.09,71.64
2011-08-10,11.6,363.69,15.09,162.54,60.2,24.2,60.32,68.03
2011-08-11,12.25,373.7,15.68,166.73,63.44,25.19,62.87,71.58
2011-08-12,12.26,376.99,15.88,168.2,63.36,25.1,63.18,72.0
2011-08-15,12.56,383.41,16.39,172.99,64.59,25.51,63.57,74.29
2011-08-16,12.26,380.48,16.15,171.24,64.36,25.35,63.76,73.5
2011-08-17,12.26,380.44,16.23,171.48,64.26,25.25,64.62,74.16
2011-08-18,11.51,366.05,15.34,163.83,63.16,24.67,63.09,70.94
2011-08-19,11.21,356.03,15.09,157.54,63.14,24.05,62.07,69.8
2011-08-22,11.23,356.44,15.11,158.98,63.29,23.98,61.92,70.18
2011-08-23,11.68,373.6,15.54,164.32,64.97,24.72,63.48,73.66
2011-08-24,11.87,376.18,15.72,166.76,65.53,24.9,63.7,73.54
2011-08-25,11.59,373.72,15.45,165.58,64.55,24.57,63.02,71.77
2011-08-26,11.86,383.58,15.54,169.14,64.28,25.25,63.16,72.64
2011-08-29,12.42,389.97,16.04,172.62,65.86,25.84,64.16,74.12
2011-08-30,12.36,389.99,16.12,172.51,65.77,26.23,64.52,73.91
2011-08-31,12.8,384.83,16.31,171.91,65.8,26.6,64.43,74.02
2011-09-01,12.49,381.03,16.2,170.33,65.33,26.21,64.15,73.49
2011-09-02,12.04,374.05,15.76,166.98,64.07,25.8,63.3,72.14
2011-09-06,11.77,379.74,15.25,165.11,64.64,25.51,62.45,71.15
2011-09-07,12.25,383.93,15.8,167.31,65.43,26.0,61.62,73.65
2011-09-08,12.03,384.14,15.59,165.25,64.95,26.22,61.34,72.82
2011-09-09,11.58,377.48,15.09,161.37,63.64,25.74,59.99,71.01
2011-09-12,11.55,379.94,15.01,162.42,63.59,25.89,60.14,71.84
2011-09-13,11.63,384.62,15.41,163.43,63.61,26.04,60.54,71.65
2011-09-14,11.73,389.3,15.79,167.24,63.73,26.5,61.58,72.64
2011-09-15,11.98,392.96,16.08,170.09,64.4,26.99,63.22,74.01
2011-09-16,11.97,400.5,16.33,172.99,64.59,27.12,62.05,74.55
2011-09-19,11.58,411.63,16.18,173.13,64.14,27.21,60.56,73.7
2011-09-20,11.25,413.45,16.04,174.72,64.22,26.98,60.39,74.01
2011-09-21,10.84,412.14,15.38,173.02,63.13,25.99,60.79,71.97
2011-09-22,10.11,401.82,15.04,168.62,61.92,25.06,60.92,69.24
2011-09-23,10.07,404.3,15.21,169.34,61.59,25.06,60.34,69.31
2011-09-26,10.45,403.17,15.57,174.51,62.69,25.44,61.89,71.72
2011-09-27,10.48,399.26,15.76,177.71,63.82,25.67,62.43,72.91
2011-09-28,9.97,397.01,15.45,177.55,63.25,25.58,61.97,72.07
2011-09-29,10.06,390.57,15.86,179.17,63.9,25.45,62.58,73.88
2011-09-30,9.57,381.32,15.22,174.87,63.69,24.89,61.9,72.63
2011-10-03,8.9,374.6,14.69,173.29,62.08,24.53,60.29,71.15
2011-10-04,9.12,372.5,14.86,174.74,62.17,25.34,60.45,72.83
2011-10-05,9.37,378.25,15.27,176.85,62.35,25.89,60.29,73.95
2011-10-06,9.88,377.37,15.53,181.69,62.81,26.34,60.57,73.89
2011-10-07,9.71,369.8,15.5,182.39,63.13,26.25,61.02,73.56
2011-10-10,10.09,388.81,16.14,186.62,64.43,26.94,61.87,76.28
2011-10-11,10.3,400.29,16.14,185.0,63.96,27.0,60.95,76.27
2011-10-12,10.05,402.19,16.4,186.12,64.33,26.96,62.7,77.16
2011-10-13,10.1,408.43,16.22,186.82,64.23,27.18,62.36,76.37
2011-10-14,10.26,422.0,16.6,190.53,64.72,27.27,62.24,78.11
2011-10-17,9.58,419.99,16.23,186.59,63.79,26.98,61.89,77.47
2011-10-18,10.14,422.24,16.71,178.9,64.42,27.31,62.41,78.89
2011-10-19,9.77,398.62,16.52,177.39,62.64,27.13,62.11,78.43
2011-10-20,9.95,395.31,16.63,177.25,62.53,27.04,62.12,78.71
2011-10-21,10.23,392.87,16.31,181.63,63.78,27.16,62.28,80.13
2011-10-24,10.58,405.77,16.45,182.25,64.73,27.19,62.1,80.17
2011-10-25,10.14,397.77,16.22,180.36,63.69,26.81,61.82,79.44
2011-10-26,10.36,400.6,16.35,181.97,64.49,26.59,62.01,81.07
2011-10-27,11.34,404.69,17.37,185.88,65.5,27.25,62.88,81.88
2011-10-28,11.57,404.95,17.25,187.45,65.6,26.98,63.2,81.48
2011-10-31,10.76,404.78,16.71,184.63,64.39,26.63,62.95,78.09
2011-11-01,10.4,396.51,16.02,181.35,63.38,25.99,62.23,75.94
2011-11-02,10.7,397.41,16.25,183.92,63.64,26.01,62.41,77.37
2011-11-03,10.87,403.07,16.67,187.3,64.34,26.53,62.8,78.86
2011-11-04,10.93,400.24,16.39,186.38,64.12,26.25,61.99,78.52
2011-11-07,10.75,399.73,16.39,187.32,64.0,26.8,62.5,79.35
2011-11-08,10.78,406.23,16.48,187.25,64.86,27.16,63.66,79.76
2011-11-09,10.2,395.28,15.85,182.24,63.53,26.2,62.28,77.39
2011-11-10,10.25,385.22,16.06,183.35,64.12,26.28,62.96,78.7
2011-11-11,10.6,384.62,16.3,187.38,65.25,26.91,63.28,79.72
2011-11-14,10.38,379.26,16.1,187.35,64.91,26.76,62.8,78.96
2011-11-15,10.36,388.83,16.2,188.75,64.99,26.74,64.5,79.09
2011-11-16,9.97,384.77,15.95,186.62,64.4,26.07,65.09,78.25
2011-11-17,9.62,377.41,15.64,185.73,63.94,25.54,64.09,77.86
2011-11-18,9.69,374.94,15.65,185.24,63.85,25.3,63.89,77.9
2011-11-21,9.47,369.01,15.24,181.48,62.94,25.0,63.15,76.91
2011-11-22,9.26,376.51,14.99,181.31,62.9,24.79,63.18,76.03
2011-11-23,8.88,366.99,14.73,177.95,61.99,24.47,62.4,74.58
2011-11-25,8.95,363.57,14.7,177.06,61.27,24.3,62.49,73.9
2011-11-28,9.46,376.12,14.8,182.21,62.37,24.87,62.99,75.84
2011-11-29,9.31,373.2,14.92,180.94,62.78,24.84,63.66,76.93
2011-11-30,10.02,382.2,15.91,188.0,64.72,25.58,64.0,80.44
2011-12-01,9.81,387.93,15.91,189.45,64.45,25.28,64.09,79.79
2011-12-02,9.91,389.7,16.09,189.66,63.47,25.22,64.28,79.79
2011-12-05,10.0,393.01,16.33,190.84,63.36,25.7,64.4,80.45
2011-12-06,9.92,390.95,16.72,192.94,63.49,25.66,64.65,80.82
2011-12-07,9.9,389.09,16.74,194.05,64.45,25.6,64.91,81.08
2011-12-08,9.47,390.66,16.31,191.58,63.78,25.4,64.33,79.87
2011-12-09,9.64,393.62,16.84,194.56,64.53,25.7,65.19,81.34
2011-12-12,9.35,391.84,16.46,192.18,63.51,25.51,64.66,80.05
2011-12-13,9.04,388.81,16.42,191.15,63.36,25.76,64.28,80.53
2011-12-14,8.94,380.19,16.61,188.72,63.18,25.59,63.98,79.44
2011-12-15,8.78,378.94,16.79,187.48,64.0,25.56,64.85,80.03
2011-12-16,8.81,381.02,17.01,183.57,64.3,26.0,64.71,80.16
2011-12-19,8.53,382.21,16.86,182.89,63.53,25.53,64.37,79.53
2011-12-20,8.88,395.95,17.28,187.24,64.52,26.03,65.53,82.0
2011-12-21,8.85,396.45,17.69,181.47,64.96,25.76,66.04,83.12
2011-12-22,8.91,398.55,18.05,182.04,65.18,25.81,66.04,84.29
2011-12-23,8.86,403.33,18.23,184.75,65.98,26.03,66.57,85.22
2011-12-27,8.79,406.53,18.01,184.95,66.02,26.04,66.38,85.28
2011-12-28,8.52,402.64,17.83,183.99,65.45,25.82,65.91,84.18
2011-12-29,8.63,405.12,18.07,186.18,65.88,26.02,66.54,85.27
2011-12-30,8.65,405.0,17.91,183.88,65.58,25.96,66.35,84.76
2012-01-03,9.23,411.23,18.36,186.3,65.88,26.77,66.4,86.0
2012-01-04,9.45,413.44,18.56,185.54,65.48,27.4,66.74,86.02
2012-01-05,9.36,418.03,18.55,184.66,65.4,27.68,66.22,85.76
2012-01-06,9.16,422.4,18.65,182.54,64.83,28.11,65.39,85.12
2012-01-09,9.43,421.73,18.86,181.59,64.93,27.74,65.73,85.5
2012-01-10,9.44,423.24,18.72,181.31,65.2,27.84,65.66,85.72
2012-01-11,9.63,422.55,18.88,182.32,65.13,27.72,65.01,85.08
2012-01-12,9.93,421.39,18.93,180.55,65.23,28.0,64.62,84.74
2012-01-13,9.8,419.81,18.84,179.16,65.26,28.25,64.4,84.88
2012-01-17,9.76,424.7,18.74,180.0,65.12,28.26,64.65,85.69
2012-01-18,10.02,429.11,19.02,181.07,65.28,28.23,64.85,86.45
2012-01-19,10.18,427.75,19.15,180.52,65.19,28.12,65.91,87.03
2012-01-20,10.17,420.3,19.15,188.52,65.27,29.71,66.28,87.49
2012-01-23,10.25,427.41,18.94,189.98,65.0,29.73,66.1,87.47
2012-01-24,10.27,420.41,18.84,191.93,65.0,29.34,66.2,87.18
2012-01-25,10.48,446.66,19.13,191.73,65.22,29.56,66.7,87.22
2012-01-26,10.36,444.63,19.07,190.98,65.7,29.5,66.52,86.77
2012-01-27,10.43,447.28,19.03,190.46,65.56,29.23,65.81,85.83
2012-01-30,10.32,453.01,18.9,192.5,65.71,29.61,65.41,85.49
2012-01-31,10.16,456.48,18.71,192.6,65.91,29.53,65.67,83.74
2012-02-01,10.2,456.19,18.77,192.62,65.69,29.89,66.38,83.97
2012-02-02,10.42,455.12,18.75,191.53,65.59,29.95,66.4,83.53
2012-02-03,10.76,459.68,19.02,193.64,65.64,30.24,66.66,84.92
2012-02-06,10.74,463.97,19.05,192.82,65.19,30.2,66.52,85.75
2012-02-07,10.67,468.83,19.18,193.35,65.26,30.35,66.76,86.34
2012-02-08,10.67,476.68,19.24,192.95,65.24,30.66,66.74,85.32
2012-02-09,10.64,493.17,19.13,193.13,64.89,30.77,64.27,84.88
2012-02-10,10.29,493.42,18.88,192.42,64.6,30.5,63.95,83.8
2012-02-13,10.33,502.6,19.07,192.62,64.68,30.58,63.69,84.42
2012-02-14,10.21,509.46,18.94,192.22,64.61,30.25,63.52,84.67
2012-02-15,10.1,497.67,18.76,192.25,64.65,30.05,63.07,84.12
2012-02-16,10.28,502.21,19.01,193.02,64.92,31.29,62.73,85.41
2012-02-17,10.15,502.12,19.28,193.42,64.99,31.25,62.68,85.62
2012-02-21,10.41,514.85,19.41,193.39,65.04,31.44,63.14,86.57
2012-02-22,10.38,513.04,19.39,193.87,65.0,31.27,63.1,86.92
2012-02-23,10.46,516.39,19.31,197.61,65.1,31.37,63.13,87.02
2012-02-24,10.43,522.41,19.24,197.76,64.46,31.48,63.31,87.34
2012-02-27,10.32,525.76,19.07,197.53,64.45,31.35,63.32,87.23
2012-02-28,10.37,535.41,19.16,197.98,65.18,31.87,63.32,87.14
2012-02-29,10.17,542.44,19.05,196.73,65.08,31.74,62.94,86.5
2012-03-01,10.27,544.47,19.12,197.53,64.83,32.29,62.55,86.83
2012-03-02,10.24,545.18,18.97,198.81,64.77,32.08,62.52,86.33
2012-03-05,9.87,533.16,18.85,200.66,64.91,31.8,62.79,87.01
2012-03-06,9.47,530.26,18.42,197.26,64.35,31.56,62.28,85.86
2012-03-07,9.55,530.69,18.77,197.77,64.3,31.84,62.62,85.83
2012-03-08,9.77,541.99,19.03,199.81,64.85,32.01,62.95,84.83
2012-03-09,9.81,545.17,19.04,200.62,64.74,31.99,63.15,84.3
2012-03-12,9.87,552.0,19.13,201.0,65.1,32.04,63.94,85.55
2012-03-13,10.31,568.1,19.59,203.78,65.33,32.67,64.34,86.86
2012-03-14,10.28,589.58,19.79,204.72,65.08,32.77,64.06,86.02
2012-03-15,10.35,585.56,20.16,206.0,65.07,32.85,64.17,86.09
2012-03-16,10.54,585.57,20.2,206.01,65.12,32.6,64.47,86.44
2012-03-19,10.6,601.1,20.21,205.72,65.21,32.2,64.73,86.99
2012-03-20,10.44,605.96,20.07,204.25,64.96,31.99,65.28,86.6
2012-03-21,10.27,602.5,20.07,204.69,64.76,31.91,65.36,86.01
2012-03-22,10.01,599.34,19.85,205.49,64.46,32.0,65.39,85.33
2012-03-23,10.11,596.05,19.78,205.48,64.55,32.01,65.3,85.55
2012-03-26,10.22,606.98,20.05,207.77,65.17,32.59,65.78,87.03
2012-03-27,10.06,614.48,20.04,207.18,65.4,32.52,66.01,86.62
2012-03-28,9.83,617.62,20.01,207.29,65.62,32.19,65.93,85.86
2012-03-29,10.03,609.86,19.95,208.27,65.54,32.12,66.02,86.08
2012-03-30,10.02,599.55,20.07,208.65,65.96,32.26,66.35,86.73
2012-04-02,10.17,618.63,20.02,209.47,66.21,32.29,66.74,87.07
2012-04-03,10.06,629.32,19.96,209.5,65.88,31.94,66.56,85.83
2012-04-04,9.81,624.31,19.74,206.05,65.39,31.21,66.34,84.98
2012-04-05,9.63,633.68,19.49,205.47,65.34,31.52,66.15,84.82
2012-04-09,9.6,636.23,19.2,204.94,64.92,31.1,65.35,83.88
2012-04-10,9.32,628.44,18.74,202.33,64.2,30.47,64.85,82.17
2012-04-11,9.9,626.2,19.01,202.58,64.13,30.35,65.15,82.7
2012-04-12,10.17,622.77,19.3,205.32,64.15,30.98,65.38,83.6
2012-04-13,9.85,605.23,18.88,202.8,63.54,30.81,65.06,82.95
2012-04-16,9.86,580.13,18.9,202.72,63.98,31.08,65.99,84.01
2012-04-17,9.99,609.7,19.34,207.45,64.22,31.44,66.4,85.45
2012-04-18,9.95,608.34,19.1,200.13,63.26,31.14,66.21,85.75
2012-04-19,9.76,587.44,19.14,199.51,63.03,31.01,66.15,85.28
2012-04-20,9.7,572.98,19.36,199.6,63.71,32.42,66.63,85.3
2012-04-23,9.63,571.7,19.07,198.62,63.37,32.12,66.18,85.69
2012-04-24,9.66,560.28,19.54,200.0,63.77,31.92,66.51,86.31
2012-04-25,9.82,610.0,19.45,203.57,64.43,32.2,66.67,86.85
2012-04-26,9.86,607.7,19.62,205.58,64.75,32.11,66.37,86.07
2012-04-27,9.75,603.0,19.78,206.81,64.84,31.98,66.1,86.08
2012-04-30,9.73,583.98,19.58,207.08,65.1,32.02,66.0,86.34
2012-05-01,9.97,582.13,19.8,208.0,65.22,32.01,66.49,87.04
2012-05-02,9.73,585.98,19.77,208.06,65.33,31.8,66.83,86.2
2012-05-03,9.58,581.82,19.61,207.24,65.34,31.76,66.91,85.65
2012-05-04,9.37,565.25,19.34,204.99,64.74,30.98,65.9,84.57
2012-05-07,9.33,569.48,19.32,203.75,64.8,30.65,66.62,84.48
2012-05-08,9.21,568.18,19.25,201.48,64.98,30.5,66.52,84.02
2012-05-09,9.15,569.18,18.91,201.23,64.28,30.76,65.94,83.31
2012-05-10,9.1,570.52,19.09,200.6,64.57,30.74,66.79,82.84
2012-05-11,9.06,566.71,19.01,201.17,64.34,31.16,66.8,83.1
2012-05-14,8.92,558.22,18.6,199.44,63.93,30.68,67.15,82.12
2012-05-15,8.71,553.17,18.4,199.04,63.61,30.21,67.85,81.79
2012-05-16,8.49,546.08,19.0,199.73,63.71,29.9,68.75,82.17
2012-05-17,8.5,530.12,18.88,197.89,63.55,29.72,68.77,81.91
2012-05-18,8.43,530.38,18.95,195.88,63.35,29.27,68.12,81.47
2012-05-21,8.6,561.28,19.12,197.76,63.47,29.75,67.98,82.04
2012-05-22,8.49,556.97,19.18,196.82,63.52,29.76,68.08,81.95
2012-05-23,8.61,570.56,19.18,196.12,63.27,29.11,68.0,82.04
2012-05-24,8.63,565.32,19.25,196.09,63.1,29.07,68.81,82.61
2012-05-25,8.63,562.29,19.2,194.3,62.51,29.06,68.64,82.08
2012-05-29,8.89,572.27,19.35,196.46,62.59,29.56,69.33,81.93
2012-05-30,8.58,579.17,19.04,194.53,62.21,29.34,68.22,79.79
2012-05-31,8.55,577.73,19.09,192.9,62.43,29.19,67.85,78.63
2012-06-01,8.3,560.99,18.54,189.08,61.78,28.45,67.51,77.92
2012-06-04,8.39,564.29,18.15,188.54,62.34,28.55,67.48,77.83
2012-06-05,8.45,562.83,18.24,189.2,62.21,28.51,67.0,77.6
2012-06-06,8.64,571.46,18.88,193.99,62.8,29.35,67.49,80.18
2012-06-07,8.55,571.72,19.0,194.44,62.8,29.23,67.68,80.69
2012-06-08,8.52,580.32,19.2,195.14,62.98,29.65,68.31,80.84
2012-06-11,8.32,571.17,19.11,192.51,62.12,28.9,68.05,80.27
2012-06-12,8.52,576.16,19.48,194.55,63.08,29.29,68.4,81.26
2012-06-13,8.48,572.16,19.37,193.1,64.45,29.13,68.55,80.63
2012-06-14,8.65,571.53,19.72,195.1,65.45,29.34,69.27,82.13
2012-06-15,8.82,574.13,20.0,199.1,66.01,30.02,69.48,83.22
2012-06-18,8.69,585.78,19.75,198.29,66.3,29.84,69.6,83.11
2012-06-19,8.9,587.41,20.0,198.93,66.72,30.7,69.31,84.48
2012-06-20,8.92,585.74,20.1,198.78,67.0,30.93,68.91,84.97
2012-06-21,8.55,577.67,19.53,193.39,66.39,30.14,68.5,82.11
2012-06-22,8.62,582.1,19.81,193.7,66.63,30.7,68.7,82.11
2012-06-25,8.39,570.77,19.52,192.86,66.5,29.87,68.61,81.24
2012-06-26,8.39,572.03,19.8,191.95,66.42,30.02,68.94,82.4
2012-06-27,8.53,574.5,20.13,193.0,66.84,30.17,69.75,83.2
2012-06-28,8.51,569.05,20.2,191.4,66.94,29.91,69.6,83.1
2012-06-29,8.75,584.0,20.84,195.58,67.56,30.59,70.66,85.57
2012-07-02,8.63,592.52,20.49,195.83,68.0,30.56,70.76,85.34
2012-07-03,8.9,599.41,20.43,195.93,68.04,30.76,70.76,86.28
2012-07-05,8.92,609.94,20.33,195.29,67.78,30.7,70.17,85.57
2012-07-06,8.73,605.88,20.0,191.41,67.64,30.19,70.22,84.8
2012-07-09,8.76,613.89,20.04,189.67,67.78,30.0,69.99,83.65
2012-07-10,8.4,608.21,19.62,186.26,67.88,29.74,69.87,83.11
2012-07-11,8.35,604.43,19.68,185.25,67.9,29.3,70.13,84.38
2012-07-12,8.3,598.9,19.44,183.09,67.71,28.63,69.85,84.12
2012-07-13,8.42,604.97,19.77,186.01,68.61,29.39,70.41,85.47
2012-07-16,8.33,606.91,19.59,184.79,68.45,29.44,70.35,85.05
2012-07-17,8.28,606.94,19.72,183.65,69.0,29.66,70.33,85.73
2012-07-18,8.33,606.26,19.84,188.25,69.37,30.45,70.38,86.21
2012-07-19,8.38,614.32,19.8,195.34,69.53,30.67,70.42,86.21
2012-07-20,8.26,604.3,19.87,192.45,68.63,30.12,69.96,85.95
2012-07-23,8.14,603.83,20.09,190.83,68.11,29.28,69.34,85.21
2012-07-24,8.02,600.92,19.97,190.34,67.35,29.15,68.79,84.58
2012-07-25,8.02,574.97,20.0,191.08,67.53,28.83,70.3,85.24
2012-07-26,8.19,574.88,20.56,193.95,68.74,29.16,71.22,86.52
2012-07-27,8.45,585.16,20.92,196.39,69.52,29.76,72.26,87.45
2012-07-30,8.45,595.03,20.8,196.68,69.45,29.64,72.75,87.56
2012-07-31,8.47,610.76,20.75,195.98,69.22,29.47,72.73,86.85
2012-08-01,8.43,606.81,20.73,195.18,69.38,29.41,72.4,86.91
2012-08-02,8.18,607.79,20.52,194.45,68.45,29.19,71.8,85.88
2012-08-03,8.37,615.7,20.96,198.52,69.12,29.75,72.87,87.55
2012-08-06,8.5,622.55,20.97,198.76,68.84,29.95,72.48,87.45
2012-08-07,8.6,620.91,21.12,199.93,68.29,30.26,72.29,87.92
2012-08-08,8.8,619.86,21.01,199.03,68.35,30.33,72.57,88.28
2012-08-09,8.86,620.73,21.06,198.42,68.32,30.5,72.14,88.2
2012-08-10,8.98,621.7,21.1,199.29,68.64,30.42,72.13,88.44
2012-08-13,8.83,630.0,20.99,199.01,68.46,30.39,71.99,88.14
2012-08-14,8.69,631.69,20.94,198.29,68.64,30.13,72.24,88.2
2012-08-15,8.73,630.83,20.96,198.4,68.35,30.2,72.62,88.0
2012-08-16,8.77,636.34,21.05,200.84,68.2,30.78,73.58,88.67
2012-08-17,8.75,648.11,21.0,201.22,67.8,30.9,73.39,88.4
2012-08-20,8.8,665.15,20.93,200.5,67.7,30.74,73.33,87.95
2012-08-21,8.82,656.06,20.85,198.65,67.78,30.8,73.01,87.46
2012-08-22,8.87,668.87,20.78,197.25,67.75,30.54,72.89,87.73
2012-08-23,8.63,662.63,20.64,195.7,67.74,30.26,72.66,87.31
2012-08-24,8.63,663.22,20.8,197.77,67.6,30.56,73.06,88.05
2012-08-27,8.48,675.68,20.85,195.69,67.49,30.69,73.17,87.74
2012-08-28,8.5,674.8,20.81,194.87,67.51,30.63,73.12,88.1
2012-08-29,8.54,673.47,20.82,195.08,67.37,30.65,72.78,87.9
2012-08-30,8.44,663.87,20.64,193.37,67.21,30.32,72.18,87.2
2012-08-31,8.56,665.24,20.71,194.85,67.43,30.82,72.43,87.3
2012-09-04,8.42,674.97,20.51,194.54,67.26,30.39,72.48,87.12
2012-09-05,8.52,670.23,20.65,195.04,67.27,30.39,71.54,87.33
2012-09-06,8.76,676.27,21.31,199.1,67.84,31.35,72.15,88.99
2012-09-07,9.1,680.44,21.59,199.5,67.88,30.95,72.1,89.92
2012-09-10,9.05,662.74,21.48,200.95,68.18,30.72,71.84,89.48
2012-09-11,9.33,660.59,21.59,203.27,68.2,30.79,71.58,89.62
2012-09-12,9.35,669.79,21.89,203.77,68.15,30.78,70.06,89.55
2012-09-13,9.63,682.98,22.02,206.36,68.99,30.94,70.88,91.23
2012-09-14,9.84,691.28,22.11,206.81,68.47,31.21,70.46,92.3
2012-09-17,9.58,699.78,22.05,207.15,68.25,31.21,70.39,91.91
2012-09-18,9.49,701.91,22.24,207.07,68.55,31.18,70.73,91.65
2012-09-19,9.47,702.1,22.43,206.43,68.6,31.05,70.85,90.57
2012-09-20,9.25,698.7,22.43,206.18,68.9,31.45,71.24,91.52
2012-09-21,9.13,700.09,22.53,205.98,69.06,31.19,70.55,91.92
2012-09-24,9.06,690.79,22.36,205.29,69.0,30.78,70.7,91.88
2012-09-25,8.84,673.54,22.31,204.98,69.32,30.39,70.35,91.74
2012-09-26,8.89,665.18,22.1,204.0,69.0,30.17,70.42,91.23
2012-09-27,8.99,681.32,22.73,205.91,69.01,30.16,70.64,91.8
2012-09-28,8.86,667.1,22.71,207.45,68.91,29.76,70.77,91.45
2012-10-01,8.91,659.39,22.81,210.47,69.13,29.49,70.65,91.8
2012-10-02,8.85,661.31,22.79,209.84,68.96,29.66,70.62,91.72
2012-10-03,8.78,671.45,22.91,210.51,69.0,29.86,70.7,91.7
2012-10-04,9.07,666.8,22.95,210.39,69.27,30.03,70.87,92.22
2012-10-05,9.09,652.59,23.12,210.59,69.65,29.85,71.1,92.55
2012-10-08,9.12,638.17,22.92,209.82,69.44,29.78,71.19,92.68
2012-10-09,9.13,635.85,22.62,207.99,68.41,29.28,71.11,92.13
2012-10-10,8.71,640.91,22.43,205.82,68.22,28.98,70.29,91.03
2012-10-11,8.77,628.1,22.51,205.76,67.97,28.95,69.82,91.17
2012-10-12,8.69,629.71,22.48,207.8,67.97,29.2,70.05,91.03
2012-10-15,8.8,634.76,22.64,208.93,68.6,29.51,70.34,91.51
2012-10-16,8.94,649.79,22.64,211.0,69.55,29.49,70.3,92.38
2012-10-17,9.18,644.61,22.91,200.63,71.0,29.59,70.1,93.39
2012-10-18,9.21,632.64,22.81,194.96,72.52,29.5,70.76,93.48
2012-10-19,9.01,609.84,22.03,193.36,71.86,28.64,69.88,92.15
2012-10-22,9.1,634.03,21.7,194.4,71.78,28.0,69.6,92.19
2012-10-23,8.78,613.36,21.28,191.25,70.89,28.05,68.52,90.18
2012-10-24,8.7,616.83,21.26,190.72,70.74,27.9,68.4,89.88
2012-10-25,8.73,609.54,21.26,191.6,71.14,27.88,68.89,90.43
2012-10-26,8.65,604.0,21.11,193.27,70.9,28.21,68.98,90.62
2012-10-31,8.57,595.32,21.06,194.53,70.82,28.54,69.24,91.17
2012-11-01,8.75,596.54,21.34,197.15,71.5,29.52,69.44,91.6
2012-11-02,8.65,576.8,21.31,193.43,70.9,29.5,69.05,90.27
2012-11-05,8.61,584.62,21.41,194.14,70.79,29.63,69.0,90.63
2012-11-06,8.74,582.85,21.59,195.07,71.01,29.86,69.35,91.61
2012-11-07,8.48,558.0,21.13,191.16,70.34,29.08,68.99,88.18
2012-11-08,8.39,537.75,20.89,190.1,69.65,28.81,68.79,87.07
2012-11-09,8.43,547.06,21.0,189.64,69.87,28.83,68.85,87.21
2012-11-12,8.43,542.83,20.89,189.25,69.68,28.22,68.61,87.32
2012-11-13,8.31,542.9,20.68,188.32,69.51,27.09,68.58,86.47
2012-11-14,8.13,536.88,20.01,185.51,69.27,26.84,68.17,86.07
2012-11-15,8.05,525.62,20.06,185.85,69.07,26.66,68.19,86.14
2012-11-16,8.18,527.68,20.15,186.94,69.19,26.52,68.31,86.45
2012-11-19,8.34,565.73,20.66,190.35,69.25,26.73,68.78,87.67
2012-11-20,8.25,560.91,20.62,189.2,69.67,26.71,68.91,87.5
2012-11-21,8.27,561.7,20.68,190.29,69.59,26.95,69.31,88.01
2012-11-23,8.35,571.5,21.04,193.49,69.56,27.7,70.19,89.09
2012-11-26,8.31,589.53,21.06,192.88,69.09,27.39,70.0,88.62
2012-11-27,8.28,584.78,20.87,191.23,68.81,27.08,70.11,87.35
2012-11-28,8.4,582.94,21.14,191.98,69.29,27.36,70.35,88.1
2012-11-29,8.4,589.36,21.13,191.53,69.22,26.95,70.31,88.12
2012-11-30,8.41,585.28,21.13,190.07,69.73,26.62,70.21,88.14
2012-12-03,8.41,586.19,20.82,189.48,69.65,26.43,69.87,87.61
2012-12-04,8.42,575.85,20.86,189.36,69.86,26.37,69.86,87.19
2012-12-05,8.57,538.79,21.23,188.65,69.97,26.67,69.71,87.73
2012-12-06,8.57,547.24,21.37,189.7,70.05,26.73,70.02,88.0
2012-12-07,8.5,533.25,21.46,191.95,70.45,26.46,70.26,88.6
2012-12-10,8.57,529.82,21.39,192.62,70.6,26.94,70.21,88.41
2012-12-11,8.68,541.39,21.51,194.2,71.1,27.32,70.42,88.99
2012-12-12,8.65,539.0,21.78,192.95,70.96,27.24,70.24,89.45
2012-12-13,8.59,529.69,21.62,191.99,70.75,27.11,70.21,88.58
2012-12-14,8.74,509.79,21.62,191.76,70.69,26.81,70.16,88.08
2012-12-17,8.75,518.83,21.93,193.62,70.94,27.1,70.37,88.87
2012-12-18,8.91,533.9,21.69,195.69,70.95,27.56,70.53,89.56
2012-12-19,8.64,526.31,21.01,195.08,70.63,27.31,69.88,88.44
2012-12-20,8.7,521.73,21.05,194.77,70.75,27.68,70.11,88.89
2012-12-21,8.57,519.33,20.88,193.42,70.27,27.45,69.63,87.23
2012-12-24,8.62,520.17,20.82,192.4,70.02,27.06,69.43,86.92
2012-12-26,8.73,513.0,20.77,191.95,70.17,26.86,68.84,87.07
2012-12-27,8.62,515.06,20.69,192.71,70.09,26.96,68.67,86.86
2012-12-28,8.5,509.59,20.44,189.83,69.48,26.55,68.02,85.1
2012-12-31,8.68,532.17,20.99,191.55,70.1,26.71,68.43,86.55
2013-01-02,8.99,549.03,21.34,196.35,70.84,27.62,69.33,88.71
2013-01-03,9.07,542.1,21.1,195.27,70.74,27.25,69.36,88.55
2013-01-04,9.26,527.0,21.2,193.99,71.55,26.74,69.46,88.96
2013-01-07,9.1,523.9,21.13,193.14,71.4,26.69,69.45,87.93
2013-01-08,9.1,525.31,20.9,192.87,71.41,26.55,69.66,88.48
2013-01-09,9.08,517.1,20.95,192.32,71.73,26.7,70.01,88.14
2013-01-10,8.97,523.51,21.17,192.88,72.19,26.46,70.81,89.1
2013-01-11,8.94,520.3,21.13,194.45,72.35,26.83,70.88,89.61
2013-01-14,8.92,501.75,21.12,192.62,72.56,26.89,71.29,89.58
2013-01-15,8.92,485.92,21.2,192.5,72.37,27.21,71.6,89.53
2013-01-16,8.88,506.09,21.12,192.59,72.58,27.04,71.48,89.47
2013-01-17,8.94,502.68,21.3,193.65,72.9,27.25,72.43,90.2
2013-01-18,9.0,500.0,22.04,194.47,73.23,27.25,72.48,90.8
2013-01-22,9.2,504.77,22.01,196.08,72.69,27.15,72.2,90.92
2013-01-23,9.15,514.01,21.94,204.72,72.85,27.61,71.81,90.7
2013-01-24,9.04,450.5,22.05,204.42,73.1,27.63,72.23,91.35
2013-01-25,9.03,439.88,22.29,204.97,73.92,27.88,72.49,91.73
2013-01-28,8.9,449.83,22.5,204.93,73.62,27.91,72.61,91.11
2013-01-29,8.88,458.27,22.5,203.9,74.41,28.01,72.94,91.76
2013-01-30,8.8,456.83,22.23,203.52,74.09,27.85,73.21,90.67
2013-01-31,8.84,455.49,22.28,203.07,73.92,27.45,72.85,89.97
2013-02-01,9.0,453.62,22.62,205.18,74.18,27.93,72.67,90.04
2013-02-04,8.86,442.32,22.31,203.79,74.11,27.44,72.45,89.15
2013-02-05,8.94,457.84,22.54,202.79,74.66,27.5,73.15,89.74
2013-02-06,8.96,457.35,22.44,201.02,75.39,27.34,72.77,89.79
2013-02-07,8.9,468.22,22.48,199.74,75.06,27.28,72.81,88.25
2013-02-08,8.94,474.98,22.5,201.68,75.48,27.55,72.6,88.61
2013-02-11,8.87,479.93,22.45,200.16,75.41,27.86,72.36,88.28
2013-02-12,9.03,467.9,22.58,200.04,75.8,27.88,72.17,88.46
2013-02-13,9.1,467.01,23.39,200.09,75.66,28.03,71.5,88.67
2013-02-14,9.29,466.59,23.41,199.65,75.81,28.04,72.28,88.52
2013-02-15,9.32,460.16,23.29,200.98,76.16,28.01,73.68,88.36
2013-02-19,9.06,459.99,23.75,200.32,76.96,28.05,75.5,89.32
2013-02-20,8.76,448.85,23.41,199.31,76.65,27.87,75.42,88.97
2013-02-21,8.66,446.06,23.26,198.33,76.87,27.49,75.36,88.59
2013-02-22,8.64,450.81,23.39,201.09,76.25,27.76,75.57,89.2
2013-02-25,8.42,442.8,22.81,197.51,75.57,27.37,75.19,87.7
2013-02-26,8.41,448.97,23.05,199.14,75.75,27.37,75.62,88.51
2013-02-27,8.54,444.57,23.37,202.33,76.32,27.81,75.48,89.53
2013-02-28,8.52,441.4,23.22,200.83,76.11,27.8,75.77,89.55
2013-03-01,8.44,430.47,23.19,202.91,76.7,27.95,75.93,89.43
2013-03-04,8.35,420.05,23.27,205.19,77.2,28.15,76.6,88.95
2013-03-05,8.35,431.14,23.59,206.53,77.66,28.35,76.9,89.61
2013-03-06,8.57,425.66,23.67,208.38,77.39,28.09,76.8,89.56
2013-03-07,8.64,430.58,23.68,209.42,77.75,28.14,77.14,88.71
2013-03-08,8.61,431.72,23.77,210.38,78.19,28.0,77.2,88.97
2013-03-11,8.67,437.87,23.62,210.08,78.44,27.87,76.85,89.16
2013-03-12,8.62,428.43,23.41,210.55,78.56,27.91,76.89,89.16
2013-03-13,8.54,428.35,23.49,212.06,78.55,27.92,76.95,89.26
2013-03-14,8.55,432.5,23.69,215.8,79.1,28.14,77.19,89.83
2013-03-15,8.63,443.66,23.44,214.92,79.19,28.04,77.04,89.37
2013-03-18,8.56,455.72,23.25,213.21,78.81,28.1,76.68,88.77
2013-03-19,8.48,454.49,23.32,213.44,78.86,28.18,76.67,88.58
2013-03-20,8.54,452.08,23.46,215.06,79.45,28.32,76.32,88.63
2013-03-21,8.45,452.73,23.29,212.26,79.01,28.11,76.15,88.17
2013-03-22,8.45,461.91,23.37,212.08,79.74,28.25,78.64,89.29
2013-03-25,8.42,463.58,23.24,210.74,79.68,28.16,77.83,89.02
2013-03-26,8.42,461.14,23.12,212.36,80.85,28.16,78.92,90.13
2013-03-27,8.49,452.08,23.1,210.89,81.27,28.37,78.29,90.58
2013-03-28,8.52,442.66,23.12,213.3,81.53,28.61,79.11,90.11
2013-04-01,8.39,428.91,23.08,212.38,81.93,28.61,79.1,90.77
2013-04-02,8.3,429.79,23.34,214.36,82.69,28.8,79.74,90.58
2013-04-03,8.27,431.99,23.0,212.66,82.07,28.56,78.96,89.93
2013-04-04,8.22,427.72,23.08,211.31,82.41,28.6,79.53,89.77
2013-04-05,8.24,423.2,22.93,209.41,82.04,28.7,78.59,89.01
2013-04-08,8.39,426.21,23.12,209.32,81.11,28.59,79.5,88.6
2013-04-09,8.39,426.98,23.06,209.22,81.52,29.61,79.21,88.77
2013-04-10,8.31,435.69,23.58,212.0,82.02,30.28,80.06,88.68
2013-04-11,8.32,434.33,23.59,212.92,82.32,28.94,79.96,89.22
2013-04-12,8.22,429.8,23.46,211.38,82.74,28.79,79.99,88.99
2013-04-15,8.04,419.85,22.81,209.26,81.71,28.69,78.92,86.49
2013-04-16,8.1,426.24,23.1,212.0,83.44,28.97,80.0,86.61
2013-04-17,7.96,402.8,22.76,209.67,83.9,28.83,78.85,86.08
2013-04-18,8.03,392.05,22.67,207.15,83.18,28.79,81.25,86.62
2013-04-19,8.08,390.53,21.75,190.0,84.49,29.77,82.77,87.45
2013-04-22,8.11,398.67,21.35,187.83,84.83,30.83,83.38,88.09
2013-04-23,8.12,406.13,21.5,191.61,85.45,30.6,84.1,89.3
2013-04-24,8.41,405.46,21.96,191.71,84.39,31.76,82.34,89.43
2013-04-25,8.39,408.38,21.95,193.95,85.22,31.94,82.82,88.07
2013-04-26,8.27,417.2,22.21,194.31,85.12,31.79,82.51,88.0
2013-04-29,8.42,430.12,22.27,199.15,85.58,32.61,82.65,88.21
2013-04-30,8.5,442.78,22.29,202.54,85.23,33.1,82.47,88.99
2013-05-01,8.43,439.29,22.15,199.63,84.23,32.72,82.21,87.51
2013-05-02,8.46,445.52,22.32,202.39,85.16,33.16,82.56,88.63
2013-05-03,8.62,449.98,22.57,204.51,85.75,33.49,82.83,90.02
2013-05-06,8.69,460.71,22.58,202.78,84.68,33.75,82.5,90.58
2013-05-07,8.64,458.66,22.68,203.63,85.53,33.31,83.34,91.15
2013-05-08,8.87,463.84,23.01,204.82,85.46,32.99,83.25,91.7
2013-05-09,8.79,456.77,22.78,203.24,85.15,32.66,82.85,91.03
2013-05-10,8.7,452.97,22.9,204.47,85.76,32.69,83.0,90.14
2013-05-13,8.53,454.74,22.85,202.47,85.85,33.03,83.03,90.1
2013-05-14,8.56,443.86,23.01,203.21,86.97,33.53,83.5,91.11
2013-05-15,8.5,428.85,23.24,203.32,87.64,33.85,84.25,91.24
2013-05-16,8.5,434.58,23.27,204.69,87.45,34.08,83.74,90.7
2013-05-17,8.61,433.26,23.46,208.44,88.09,34.87,83.8,91.76
2013-05-20,8.76,442.93,23.57,207.6,88.01,35.08,82.59,92.52
2013-05-21,8.76,439.66,23.66,208.65,88.59,34.85,82.63,92.8
2013-05-22,8.69,441.35,23.86,206.99,88.46,34.61,82.97,92.19
2013-05-23,8.54,442.14,23.66,206.16,87.21,34.15,82.12,91.79
2013-05-24,8.48,445.15,23.53,205.72,86.82,34.27,82.58,91.53
2013-05-28,8.59,441.44,23.6,207.78,87.61,35.02,82.43,92.38
2013-05-29,8.58,444.95,23.64,207.92,85.65,34.88,81.12,92.08
2013-05-30,8.49,451.58,23.6,209.36,85.99,35.03,81.22,92.09
2013-05-31,8.5,449.73,23.32,208.02,84.18,34.9,80.77,90.47
2013-06-03,8.52,450.72,23.64,208.95,84.71,35.59,81.4,91.46
2013-06-04,8.38,449.31,23.66,206.19,84.1,34.99,81.63,90.79
2013-06-05,8.2,445.11,23.32,202.74,83.68,34.78,81.2,89.65
2013-06-06,8.26,438.46,23.38,203.8,84.46,34.96,81.66,90.23
2013-06-07,8.33,441.81,23.86,206.35,84.91,35.67,82.51,91.45
2013-06-10,8.36,438.89,23.78,205.02,85.14,35.47,82.85,91.12
2013-06-11,8.23,437.6,23.58,203.98,84.69,34.84,82.53,90.46
2013-06-12,8.18,432.19,23.5,201.2,83.74,35.0,82.11,89.74
2013-06-13,8.2,435.96,23.68,203.77,84.91,34.72,81.98,91.33
2013-06-14,8.12,430.05,23.52,202.2,84.91,34.4,82.13,90.58
2013-06-17,8.11,432.0,23.77,203.04,85.63,35.0,82.55,91.51
2013-06-18,8.21,431.77,24.33,204.87,86.36,34.98,82.57,91.93
2013-06-19,8.11,423.0,23.98,201.94,84.86,34.59,80.89,91.0
2013-06-20,8.02,416.84,23.25,197.35,82.62,33.49,78.91,89.05
2013-06-21,7.98,413.5,23.36,195.46,83.2,33.27,80.13,89.48
2013-06-24,7.79,402.54,22.93,193.54,84.61,33.72,80.13,88.48
2013-06-25,7.92,402.63,23.11,194.98,85.35,33.67,80.04,89.11
2013-06-26,7.75,398.07,23.25,194.86,86.99,34.35,81.3,89.8
2013-06-27,7.87,393.78,23.32,195.65,86.71,34.62,81.74,90.04
2013-06-28,7.82,396.53,23.19,191.11,85.86,34.54,81.79,90.35
2013-07-01,7.86,409.22,23.34,191.28,86.63,34.36,82.04,90.3
2013-07-02,7.8,418.49,22.9,191.5,86.57,33.94,81.68,90.64
2013-07-03,7.71,420.8,22.91,193.25,86.78,34.01,80.73,90.69
2013-07-05,7.81,417.42,23.24,194.93,87.87,34.21,80.8,91.57
2013-07-08,7.92,415.05,23.32,194.98,88.59,34.33,81.78,92.25
2013-07-09,7.91,422.35,23.62,191.3,88.88,34.35,82.77,93.34
2013-07-10,7.92,420.73,23.54,192.25,89.24,34.7,82.99,92.82
2013-07-11,8.1,427.29,23.94,192.8,89.67,35.69,84.55,93.27
2013-07-12,8.1,426.51,23.76,192.07,89.99,35.67,84.32,93.4
2013-07-15,8.17,427.44,23.63,194.0,90.4,36.17,84.72,93.25
2013-07-16,8.11,430.2,23.43,193.85,90.4,36.27,84.02,93.3
2013-07-17,8.19,430.31,23.54,194.55,90.13,35.74,85.24,93.46
2013-07-18,8.21,431.76,23.63,197.99,90.17,35.44,86.8,94.38
2013-07-19,8.07,424.95,24.72,193.54,92.23,31.4,86.41,95.17
2013-07-22,8.12,426.31,24.86,194.09,92.28,32.01,86.4,94.83
2013-07-23,8.14,418.99,24.71,194.98,92.42,31.82,86.2,95.2
2013-07-24,8.05,440.51,24.62,196.61,92.36,31.96,85.64,94.99
2013-07-25,8.03,438.5,24.69,197.22,92.57,31.39,85.55,94.97
2013-07-26,8.07,440.99,24.65,197.35,92.83,31.62,85.31,94.79
2013-07-29,8.04,447.79,24.49,196.21,93.21,31.54,85.25,94.03
2013-07-30,8.03,453.32,24.48,196.01,93.17,31.85,85.11,93.81
2013-07-31,7.95,452.53,24.37,195.04,93.5,31.84,83.54,93.75
2013-08-01,7.95,456.68,24.62,195.81,93.77,31.67,84.2,92.73
2013-08-02,7.97,462.54,24.7,195.16,94.39,31.89,84.29,91.95
2013-08-05,8.0,469.45,24.52,195.5,93.8,31.7,84.48,91.59
2013-08-06,7.91,465.25,24.31,190.99,93.81,31.58,85.05,91.47
2013-08-07,7.79,464.98,24.34,188.56,93.66,32.06,84.76,91.34
2013-08-08,7.91,461.01,24.33,187.93,93.34,32.89,84.68,91.78
2013-08-09,8.22,454.45,24.25,187.82,92.36,32.7,84.34,90.72
2013-08-12,8.26,467.36,24.27,189.09,92.0,32.87,83.81,89.89
2013-08-13,8.15,489.57,24.2,188.42,93.01,32.23,83.39,89.4
2013-08-14,8.16,498.5,24.07,187.53,90.7,32.35,82.75,88.95
2013-08-15,8.16,497.91,24.0,185.79,89.55,31.79,80.91,88.16
2013-08-16,8.12,502.33,23.95,185.34,89.37,31.8,80.18,87.91
2013-08-19,7.94,507.74,23.85,184.23,90.45,31.39,80.88,86.92
2013-08-20,8.0,501.07,23.72,184.56,89.73,31.62,80.29,86.83
2013-08-21,7.84,502.36,23.61,184.86,88.8,31.61,79.08,86.42
2013-08-22,8.03,502.96,23.78,185.19,88.26,32.39,79.25,86.98
2013-08-23,8.05,501.02,23.78,185.42,88.41,34.75,79.85,87.52
2013-08-26,8.06,502.97,23.61,184.74,87.53,34.15,79.69,87.09
2013-08-27,7.92,488.59,23.18,182.74,86.17,33.26,79.06,86.82
2013-08-28,7.93,490.9,23.2,182.16,86.53,33.02,79.37,88.84
2013-08-29,7.81,491.7,23.11,182.64,86.57,33.55,79.33,87.27
2013-08-30,7.7,487.22,23.14,182.27,86.41,33.4,79.73,87.16
2013-09-03,7.72,488.58,23.06,183.96,86.42,31.88,80.2,87.15
2013-09-04,7.84,498.69,23.17,183.13,86.9,31.2,79.53,87.76
2013-09-05,7.87,495.27,23.16,184.15,87.04,31.23,79.07,87.35
2013-09-06,7.92,498.22,23.16,183.03,87.16,31.15,79.26,87.25
2013-09-09,8.08,506.17,23.39,184.98,87.56,31.66,79.38,88.04
2013-09-10,8.05,494.64,23.87,186.6,88.53,32.39,79.43,87.82
2013-09-11,8.19,467.71,24.09,190.7,89.23,32.74,79.85,88.84
2013-09-12,8.16,472.69,23.85,190.73,89.01,32.69,79.87,87.98
2013-09-13,8.08,464.9,23.78,192.17,88.57,33.03,80.32,88.4
2013-09-16,8.1,450.12,24.14,193.15,89.03,32.8,81.02,88.67
2013-09-17,8.26,455.32,24.45,192.16,89.06,32.93,81.66,88.94
2013-09-18,8.55,464.68,24.86,194.42,89.91,33.32,82.88,89.58
2013-09-19,8.44,472.3,24.46,193.39,90.07,33.64,81.82,89.28
2013-09-20,8.29,467.41,24.01,190.02,89.68,32.79,81.74,88.66
2013-09-23,8.28,490.64,24.28,190.99,89.09,32.74,81.02,87.75
2013-09-24,8.3,489.1,24.32,189.97,88.22,32.45,80.54,87.36
2013-09-25,8.33,481.53,24.23,189.47,87.08,32.51,80.21,87.14
2013-09-26,8.27,486.22,24.25,190.22,87.07,32.77,80.54,87.07
2013-09-27,8.2,482.75,24.05,186.92,86.73,33.27,80.2,86.9
2013-09-30,8.12,476.75,23.89,185.18,86.69,33.28,79.5,86.04
2013-10-01,8.17,487.96,24.17,186.38,87.47,33.58,79.82,86.0
2013-10-02,8.02,489.56,24.33,184.96,87.29,33.92,79.56,86.08
2013-10-03,7.86,483.41,24.1,183.86,86.58,33.86,79.44,85.5
2013-10-04,7.96,483.03,24.05,184.1,87.31,33.88,79.62,86.32
2013-10-07,7.97,487.75,23.94,182.01,86.59,33.3,79.06,85.9
2013-10-08,7.94,480.94,23.67,178.72,85.61,33.01,78.93,85.51
2013-10-09,8.1,486.59,23.57,181.32,85.96,33.07,79.5,85.16
2013-10-10,8.35,489.64,24.25,184.77,87.78,33.76,80.69,86.04
2013-10-11,8.32,492.81,24.4,186.16,89.45,34.13,80.83,86.95
2013-10-14,8.45,496.04,24.38,186.97,89.8,34.45,81.09,87.6
2013-10-15,8.38,498.68,24.19,184.66,89.93,34.49,80.6,86.79
2013-10-16,8.53,501.11,24.36,186.73,91.11,34.64,82.27,87.31
2013-10-17,8.59,504.5,24.68,174.83,91.97,34.92,82.58,87.48
2013-10-18,8.63,508.89,25.55,173.78,91.63,34.96,83.01,87.55
2013-10-21,8.6,521.36,26.14,172.86,91.2,34.99,82.37,87.23
2013-10-22,9.36,519.87,26.02,174.97,92.36,34.58,83.44,87.98
2013-10-23,9.27,524.96,25.7,175.77,92.1,33.76,83.33,87.61
2013-10-24,9.25,531.91,25.94,177.8,92.35,33.72,82.54,88.42
2013-10-25,9.24,525.96,25.88,176.85,92.09,35.73,83.35,87.97
2013-10-28,9.56,529.88,26.09,177.35,92.39,35.57,84.61,88.23
2013-10-29,9.54,516.68,26.21,182.12,93.14,35.52,85.49,88.93
2013-10-30,9.46,524.9,26.37,180.15,92.79,35.54,84.72,88.81
2013-10-31,9.27,522.7,26.14,179.21,92.61,35.41,84.09,89.62
2013-11-01,9.27,520.03,26.54,179.23,93.37,35.53,84.56,89.82
2013-11-04,9.92,526.75,26.43,180.27,93.03,35.94,84.37,92.1
2013-11-05,9.78,525.45,26.42,177.85,92.81,36.64,84.62,91.99
2013-11-06,9.66,520.92,26.9,179.19,93.04,38.18,86.68,93.22
2013-11-07,8.95,512.49,26.6,180.0,92.69,37.5,85.3,91.96
2013-11-08,9.06,520.56,27.05,179.99,94.05,37.78,85.85,92.73
2013-11-11,9.03,519.05,27.01,182.88,94.29,37.59,85.45,92.96
2013-11-12,8.92,520.01,27.05,183.07,93.56,37.36,85.64,92.67
2013-11-13,8.99,520.63,27.15,183.55,93.34,38.16,85.95,92.59
2013-11-14,8.98,528.16,26.99,182.21,93.92,38.02,86.39,93.22
2013-11-15,9.03,524.99,27.2,183.19,94.39,37.84,86.03,95.27
2013-11-18,8.95,518.63,27.22,184.47,94.3,37.2,85.86,95.45
2013-11-19,9.13,519.55,27.03,185.25,94.86,36.74,85.29,95.42
2013-11-20,9.05,515.0,26.96,185.19,95.15,37.08,85.13,94.68
2013-11-21,9.12,521.14,26.91,184.13,95.2,37.4,85.62,94.69
2013-11-22,9.24,519.8,27.08,181.3,95.25,37.57,85.74,95.01
2013-11-25,9.59,523.74,26.73,178.94,95.63,37.64,85.37,95.09
2013-11-26,9.65,533.4,26.78,177.31,95.06,37.35,84.39,94.27
2013-11-27,9.64,545.96,26.83,178.97,94.98,37.6,84.42,93.8
2013-11-29,9.61,556.07,26.66,179.68,94.66,38.13,84.46,93.48
2013-12-02,9.55,551.23,26.66,177.48,94.28,38.45,83.7,93.52
2013-12-03,9.42,566.32,26.56,176.08,93.97,38.31,83.8,94.39
2013-12-04,9.36,565.0,26.64,175.74,93.63,38.94,82.65,94.67
2013-12-05,9.35,567.9,26.45,176.08,92.97,38.0,81.9,94.13
2013-12-06,9.36,560.02,26.94,177.67,94.44,38.36,83.15,95.65
2013-12-09,9.48,566.43,27.19,177.46,94.44,38.71,82.69,95.84
2013-12-10,9.56,565.55,27.14,177.12,94.14,38.11,82.4,95.71
2013-12-11,9.34,561.36,26.58,175.2,93.11,37.61,82.67,94.26
2013-12-12,9.37,560.54,26.54,173.37,91.16,37.22,81.28,95.36
2013-12-13,9.51,554.43,26.84,172.8,91.35,36.69,80.93,95.31
2013-12-16,9.57,557.5,26.98,177.85,91.37,36.89,81.0,97.22
2013-12-17,9.7,554.99,27.03,175.76,90.66,36.52,80.46,96.75
2013-12-18,9.83,550.77,27.41,178.7,92.64,36.58,81.42,99.54
2013-12-19,9.97,544.46,27.32,180.22,91.98,36.25,81.66,99.43
2013-12-20,9.94,549.02,27.36,180.02,92.09,36.8,81.81,98.68
2013-12-23,10.13,570.09,27.4,182.23,92.03,36.62,81.86,98.51
2013-12-24,10.36,567.67,27.61,183.22,92.06,37.08,82.04,99.22
2013-12-26,10.43,563.9,27.83,185.35,92.54,37.44,82.45,100.9
2013-12-27,10.69,560.09,27.83,185.08,92.35,37.29,82.71,101.51
2013-12-30,10.53,554.52,27.89,186.41,92.3,37.29,82.91,100.31
2013-12-31,10.63,561.02,28.03,187.57,91.59,37.41,82.94,101.2
2014-01-02,10.53,553.13,27.5,185.53,91.03,37.16,82.1,99.75
2014-01-03,10.57,540.98,27.48,186.64,91.85,36.91,82.24,99.51
2014-01-06,10.53,543.93,27.26,186.0,92.33,36.13,82.28,99.66
2014-01-07,10.54,540.04,27.29,189.71,94.29,36.41,83.48,101.07
2014-01-08,10.83,543.46,27.21,187.97,94.16,35.76,83.24,100.74
2014-01-09,10.69,536.52,27.22,187.38,94.73,35.53,82.85,99.76
2014-01-10,10.11,532.94,26.96,187.26,94.74,36.04,83.5,100.52
2014-01-13,10.1,535.73,26.73,184.16,94.5,34.98,82.37,98.55
2014-01-14,10.32,546.39,26.97,185.92,94.72,35.78,82.37,99.12
2014-01-15,10.59,557.36,27.34,187.74,94.8,36.76,82.89,98.78
2014-01-16,11.04,554.25,27.2,188.76,94.64,36.89,82.86,98.94
2014-01-17,11.36,540.67,26.58,190.09,95.06,36.38,82.2,99.16
2014-01-21,12.13,549.07,26.29,188.43,94.03,36.17,82.92,98.5
2014-01-22,12.22,551.51,25.99,182.25,94.32,35.93,82.85,97.88
2014-01-23,12.07,556.18,25.82,182.73,92.74,36.06,82.43,96.97
2014-01-24,11.44,546.07,24.95,179.64,90.61,36.81,81.43,94.85
2014-01-27,11.64,550.5,25.07,177.9,89.94,36.03,82.06,94.92
