,Tow Date,Make,Style,Model,Color,Plate,State,Towed to Address,Tow Facility Phone,Inventory Number
1,01/28/2014,NISS,4D,,GRY,S810708,IL,10300 S. Doty,(773) 568-8495 ,2728654
2,01/28/2014,VOLK,4D,,GRN,N922698,IL,10300 S. Doty,(773) 568-8495 ,2728653
3,01/28/2014,JEEP,LL,,,706VKR,WI,701 N. Sacramento,(773) 265-7605,6773103
4,01/28/2014,NISS,4T,,,X917934,IL,701 N. Sacramento,(773) 265-7605,6773100
5,01/28/2014,MERZ,4T,,,R459010,IL,701 N. Sacramento,(773) 265-7605,6773101
6,01/28/2014,NISS,4T,,GRY,S442582,IL,701 N. Sacramento,(773) 265-7605,6773102
7,01/28/2014,GMC,LL,,BLK,P338296,IL,10300 S. Doty,(773) 568-8495 ,2728631
8,01/28/2014,CHRY,4D,,BLU,VVN64H,NJ,400 E. Lower Wacker,(312) 744-7550,900213
9,01/28/2014,CHEV,2D,,WHI,S978264,IL,10300 S. Doty,(773) 568-8495 ,2728634
10,01/28/2014,NISS,4D,,BLU,P869131,IL,10300 S. Doty,(773) 568-8495 ,2728633
11,01/28/2014,KIA,4D,,BGE,224APS,IN,10300 S. Doty,(773) 568-8495 ,2728629
12,01/28/2014,DODG,LL,TK,BLK,993P433,IL,10300 S. Doty,(773) 568-8495 ,2728630
13,01/28/2014,CHEV,4D,,RED,X330703,IL,10300 S. Doty,(773) 568-8495 ,2728632
14,01/28/2014,CADI,4D,,BLK,P357520,IL,701 N. Sacramento,(773) 265-7605,6773073
15,01/28/2014,MITS,LL,TK,WHI,R176535,IL,701 N. Sacramento,(773) 265-7605,6773075
16,01/28/2014,CHEV,4D,,GRY,949P490,IL,701 N. Sacramento,(773) 265-7605,6773099
17,01/28/2014,BUIC,4D,,BLK,6941981,IL,701 N. Sacramento,(773) 265-7605,6773098
18,01/28/2014,SUBA,SW,,BLU,L870720,IL,701 N. Sacramento,(773) 265-7605,6773097
19,01/28/2014,CADI,4D,,BLK,1329378,IL,701 N. Sacramento,(773) 265-7605,6773091
20,01/28/2014,TOYT,4T,,GRY,L556735,IL,701 N. Sacramento,(773) 265-7605,6773092
21,01/28/2014,VOLK,4T,,BLK,S258225,IL,701 N. Sacramento,(773) 265-7605,6773093
22,01/28/2014,CHEV,4D,,BLK,S187797,IL,701 N. Sacramento,(773) 265-7605,6773094
23,01/28/2014,CHEV,4D,,GRY,P480154,IL,701 N. Sacramento,(773) 265-7605,6773095
24,01/28/2014,JEEP,LL,,WHI,HS1037,IL,701 N. Sacramento,(773) 265-7605,6773096
25,01/28/2014,TOYT,4T,,WHI,N574091,IL,701 N. Sacramento,(773) 265-7605,6773067
26,01/28/2014,HOND,4T,,BLK,L448160,IL,701 N. Sacramento,(773) 265-7605,6773069
27,01/28/2014,PONT,2D,,WHI,N937209,IL,701 N. Sacramento,(773) 265-7605,6773071
28,01/28/2014,JEEP,LL,,BLU,,IL,701 N. Sacramento,(773) 265-7605,6773068
29,01/28/2014,ACUR,2D,,GRY,S857330,IL,701 N. Sacramento,(773) 265-7605,6773072
30,01/28/2014,FORD,4D,,BLK,S622581,IL,701 N. Sacramento,(773) 265-7605,6773057
31,01/28/2014,CHEV,2D,,SIL,N675496,IL,701 N. Sacramento,(773) 265-7605,6773070
32,01/28/2014,FORD,PK,TK,GRN,227R661,IL,701 N. Sacramento,(773) 265-7605,6773058
33,01/28/2014,FORD,LL,,BLK,,IL,701 N. Sacramento,(773) 265-7605,6773061
34,01/28/2014,MITS,4D,,BLK,N205649,IL,701 N. Sacramento,(773) 265-7605,6773062
35,01/28/2014,TOYT,4T,,GRY,R415567,IL,701 N. Sacramento,(773) 265-7605,6773065
36,01/28/2014,FORD,VN,TK,BLK,S105462,IL,10300 S. Doty,(773) 568-8495 ,2728628
37,01/28/2014,FORD,VN,EC1,WHI,1374725-,IL,400 E. Lower Wacker,(312) 744-7550,900212
38,01/28/2014,CHEV,VN,,WHI,51336PB,IL,701 N. Sacramento,(773) 265-7605,6773066
39,01/28/2014,DODG,LL,TK,BLU,51527U,IL,10300 S. Doty,(773) 568-8495 ,2728627
40,01/28/2014,CHEV,4D,,BLK,K115276,IL,701 N. Sacramento,(773) 265-7605,6773059
41,01/28/2014,CHEV,4D,,BRO,V108507,IL,10300 S. Doty,(773) 568-8495 ,2728626
42,01/28/2014,NISS,4D,,WHI,N857454,IL,10300 S. Doty,(773) 568-8495 ,2728625
43,01/28/2014,PONT,4D,,BLK,S231267,IL,701 N. Sacramento,(773) 265-7605,6773060
44,01/28/2014,HOND,2D,,BLK,N143375,IL,701 N. Sacramento,(773) 265-7605,6773063
45,01/28/2014,FORD,4D,,WHI,26067TX,IL,701 N. Sacramento,(773) 265-7605,6773064
46,01/28/2014,CHEV,VN,TK,GRN,9156071,IL,10300 S. Doty,(773) 568-8495 ,2728624
47,01/28/2014,FORD,4D,,BLK,S633142,IL,10300 S. Doty,(773) 568-8495 ,2728623
48,01/28/2014,BUIC,4D,,RED,5668383,IL,10300 S. Doty,(773) 568-8495 ,2728622
49,01/28/2014,CADI,4D,,WHI,R613973,IL,10300 S. Doty,(773) 568-8495 ,2728621
50,01/28/2014,ACUR,4D,,GRY,S473648,IL,400 E. Lower Wacker,(312) 744-7550,900211
51,01/28/2014,CHEV,4D,,BLU,N260551,IL,10300 S. Doty,(773) 568-8495 ,2728620
52,01/28/2014,GMC,VN,TK,,N663860,IL,10300 S. Doty,(773) 568-8495 ,2728619
53,01/28/2014,FORD,PK,,WHI,30211Z,IL,10300 S. Doty,(773) 568-8495 ,2728618
54,01/28/2014,CHRY,4D,,GRY,S683327,IL,10300 S. Doty,(773) 568-8495 ,2728617
55,01/28/2014,TOYT,4D,,SIL,V127837,IL,400 E. Lower Wacker,(312) 744-7550,900210
56,01/28/2014,FORD,LL,,BLK,N 893841,IL,400 E. Lower Wacker,(312) 744-7550,900207
57,01/27/2014,FORD,LL,,RED,R999936,IL,10300 S. Doty,(773) 568-8495 ,2728616
58,01/27/2014,CHRY,4D,,GRY,N679851,IL,10300 S. Doty,(773) 568-8495 ,2728615
59,01/27/2014,CHEV,VN,TK,GRY,N769057,IL,10300 S. Doty,(773) 568-8495 ,2728614
60,01/27/2014,PONT,4D,,BLU,L969994,IL,701 N. Sacramento,(773) 265-7605,6773056
61,01/27/2014,MERC,4D,,TAN,L428002,IL,10300 S. Doty,(773) 568-8495 ,2728613
62,01/27/2014,KIA,4D,,RED,775ST6,MA,10300 S. Doty,(773) 568-8495 ,2728612
63,01/27/2014,JEEP,LL,TK,BLK,S333430,IL,10300 S. Doty,(773) 568-8495 ,2728611
64,01/27/2014,MERC,4D,,BLU,559DNM,WI,701 N. Sacramento,(773) 265-7605,6773055
65,01/27/2014,KIA,4D,,BLK,N168987,IL,701 N. Sacramento,(773) 265-7605,6773054
66,01/27/2014,CHRY,4D,,GRY,R636453,IL,701 N. Sacramento,(773) 265-7605,6773053
67,01/27/2014,OLDS,4D,ALO,BLU,,IL,701 N. Sacramento,(773) 265-7605,6773052
68,01/27/2014,FORD,4D,,GRN,884P365,IL,701 N. Sacramento,(773) 265-7605,6773051
69,01/27/2014,CHEV,4D,,BLK,,IL,701 N. Sacramento,(773) 265-7605,6773049
70,01/27/2014,FORD,4D,,BLK,R641017,IL,400 E. Lower Wacker,(312) 744-7550,900206
71,01/27/2014,PONT,4D,,WHI,N573872,IL,701 N. Sacramento,(773) 265-7605,6773050
72,01/27/2014,CHRY,4D,,BLK,P574587,IL,10300 S. Doty,(773) 568-8495 ,2728610
73,01/27/2014,GMC,VN,TK,BLU,R208327,IL,10300 S. Doty,(773) 568-8495 ,2728609
74,01/27/2014,JEEP,LL,TK,SIL,L923829,IL,10300 S. Doty,(773) 568-8495 ,2728604
75,01/27/2014,BUIC,VN,TK,GLD,L633285,IL,10300 S. Doty,(773) 568-8495 ,2728608
76,01/27/2014,CHEV,LL,TK,BLK,N232311,IL,10300 S. Doty,(773) 568-8495 ,2728607
77,01/27/2014,MITS,4D,,SIL,,,10300 S. Doty,(773) 568-8495 ,2728606
78,01/27/2014,SATR,4D,,GRY,,,10300 S. Doty,(773) 568-8495 ,2728605
79,01/27/2014,TOYT,4D,,GRN,PASTELE,IL,701 N. Sacramento,(773) 265-7605,6773048
80,01/27/2014,CHEV,4D,,MAR,R953020,IL,10300 S. Doty,(773) 568-8495 ,2728603
81,01/27/2014,JEEP,LL,TK,WHI,R460220,IL,701 N. Sacramento,(773) 265-7605,6773047
82,01/27/2014,JEEP,LL,TK,BLU,2256973,IL,701 N. Sacramento,(773) 265-7605,6773046
83,01/27/2014,HOND,4D,,BGE,R976340,IL,10300 S. Doty,(773) 568-8495 ,2728602
84,01/27/2014,HUMM,LL,,SIL,L589185,IL,10300 S. Doty,(773) 568-8495 ,2728601
85,01/27/2014,MITS,4D,GAL,GRY,P911241,IL,400 E. Lower Wacker,(312) 744-7550,900201
86,01/27/2014,DODG,PK,TK,BLK,,IL,701 N. Sacramento,(773) 265-7605,6773045
87,01/27/2014,BUIC,4D,,GRN,S391654,IL,701 N. Sacramento,(773) 265-7605,6773044
88,01/27/2014,TOYT,LL,,BLK,JBH7339,IL,701 N. Sacramento,(773) 265-7605,6773042
89,01/27/2014,PONT,2D,,RED,K494343,IL,701 N. Sacramento,(773) 265-1846,1532086
90,01/27/2014,KIA,4D,,RED,N338673,IL,701 N. Sacramento,(773) 265-7605,6773043
91,01/27/2014,FORD,4D,,WHI,L745934,IL,701 N. Sacramento,(773) 265-7605,6773041
92,01/27/2014,HOND,2D,,RED,,IL,701 N. Sacramento,(773) 265-7605,6773010
93,01/27/2014,FORD,VN,,GRN,1277473B,IL,701 N. Sacramento,(773) 265-7605,6773008
94,01/27/2014,FORD,2D,,RED,M65VG,FL,701 N. Sacramento,(773) 265-7605,6773009
95,01/27/2014,FORD,PK,,BLK,R134787,IL,701 N. Sacramento,(773) 265-1846,1532080
96,01/27/2014,BUIC,4D,,GRN,S678368,IL,10300 S. Doty,(773) 568-8495 ,2728600
97,01/27/2014,VOLV,4D,,GRN,P656625,IL,701 N. Sacramento,(773) 265-1846,1532081
98,01/27/2014,HYUN,4D,,GRY,R135571,IL,701 N. Sacramento,(773) 265-1846,1532082
99,01/27/2014,HYUN,4D,,PLE,P236787,IL,10300 S. Doty,(773) 568-8495 ,2728599
100,01/27/2014,CHEV,4D,,TAN,R215481,IL,701 N. Sacramento,(773) 265-1846,1532083
101,01/27/2014,JEEP,LL,,GLD,AJP0389,GA,701 N. Sacramento,(773) 265-1846,1532084
102,01/27/2014,PONT,2T,,PLE,S389166,IL,10300 S. Doty,(773) 568-8495 ,2728598
103,01/27/2014,VOLV,4D,,GRN,K986266,IL,701 N. Sacramento,(773) 265-1846,1532085
104,01/27/2014,HOND,LL,TK,BLK,A645746,IL,10300 S. Doty,(773) 568-8495 ,2728597
105,01/27/2014,HYUN,LL,TK,BLU,S856337,IL,10300 S. Doty,(773) 568-8495 ,2728590
106,01/27/2014,PONT,4D,,GRY,A548393,IL,10300 S. Doty,(773) 785-9752,1714195
107,01/27/2014,FRHT,SE,TK,,,,10300 S. Doty,(773) 785-9752,1714194
108,01/27/2014,FORD,4D,,YEL,S211583,IL,10300 S. Doty,(773) 785-9752,1714193
109,01/27/2014,BUIC,LL,TK,GRY,R393783,IL,10300 S. Doty,(773) 568-8495 ,2728593
110,01/27/2014,TOYT,4D,,SIL,H154569,IL,400 E. Lower Wacker,(312) 744-7550,900190
111,01/27/2014,CADI,4D,,BLK,X470545,IL,10300 S. Doty,(773) 568-8495 ,2728594
112,01/27/2014,MERC,VN,TK,WHI,,,10300 S. Doty,(773) 568-8495 ,2728591
113,01/27/2014,FORD,LL,TK,MAR,K517422,IL,10300 S. Doty,(773) 568-8495 ,2728587
114,01/27/2014,CHRY,4D,,GRN,R957876,IL,10300 S. Doty,(773) 568-8495 ,2728580
115,01/27/2014,NISS,4D,,SIL,P269394,IL,10300 S. Doty,(773) 568-8495 ,2728579
116,01/27/2014,INFI,4D,,SIL,DL4599D,IL,10300 S. Doty,(773) 568-8495 ,2728575
117,01/27/2014,MERC,4D,,RED,P880789,IL,10300 S. Doty,(773) 568-8495 ,2728578
118,01/27/2014,SATR,4D,,GRN,,IL,10300 S. Doty,(773) 568-8495 ,2728585
119,01/27/2014,ROV,LL,TK,DBL,,IL,10300 S. Doty,(773) 568-8495 ,2728576
120,01/27/2014,TOYT,4D,,GRY,K383509,IL,10300 S. Doty,(773) 568-8495 ,2728589
121,01/27/2014,GMC,VN,,MAR,S125082,IL,10300 S. Doty,(773) 568-8495 ,2728588
122,01/27/2014,CHEV,LL,,BLU,X901312,IL,10300 S. Doty,(773) 568-8495 ,2728584
123,01/27/2014,OLDS,VN,,TAN,R429363,IL,10300 S. Doty,(773) 568-8495 ,2728572
124,01/27/2014,MERC,VN,TK,GRY,S857990,IL,10300 S. Doty,(773) 568-8495 ,2728545
125,01/27/2014,CHEV,4D,,GRN,R507618,IL,10300 S. Doty,(773) 568-8495 ,2728582
126,01/27/2014,BUIC,LL,,MAR,P142029,IL,10300 S. Doty,(773) 568-8495 ,2728581
127,01/27/2014,PONT,4D,,BLK,L649382,IL,10300 S. Doty,(773) 568-8495 ,2728574
128,01/27/2014,SATR,LL,,SIL,H553163,IL,10300 S. Doty,(773) 568-8495 ,2728573
129,01/27/2014,TOYT,4D,,TAN,R378396,IL,10300 S. Doty,(773) 568-8495 ,2728570
130,01/27/2014,CHEV,LL,,TAN,P357040,IL,10300 S. Doty,(773) 568-8495 ,2728569
131,01/27/2014,DODG,VN,,PLE,N656954,IL,10300 S. Doty,(773) 568-8495 ,2728562
132,01/27/2014,BUIC,4D,,GRY,933P043,IL,10300 S. Doty,(773) 568-8495 ,2728577
133,01/27/2014,CHRY,4D,,BLK,H126144,IL,10300 S. Doty,(773) 568-8495 ,2728561
134,01/27/2014,BUIC,4D,,TAN,K525181,IL,10300 S. Doty,(773) 568-8495 ,2728552
135,01/27/2014,TOYT,4D,,BLK,DW7X916,TX,10300 S. Doty,(773) 568-8495 ,2728549
136,01/27/2014,CHEV,VN,,GRN,N231784,IL,10300 S. Doty,(773) 568-8495 ,2728551
137,01/27/2014,VOLK,4D,,,9519761,IL,10300 S. Doty,(773) 568-8495 ,2728560
138,01/27/2014,HOND,4D,,BLK,209192,IL,400 E. Lower Wacker,(312) 744-7550,900177
139,01/27/2014,TOYT,2D,,GRN,,IL,10300 S. Doty,(773) 785-9752,1714192
140,01/27/2014,HOND,4D,,GRY,7565920,IL,400 E. Lower Wacker,(312) 744-7550,900176
141,01/27/2014,OLDS,4D,,MAR,X123516,IL,10300 S. Doty,(773) 785-9752,1714191
142,01/27/2014,BMW,4D,,BLU,L924563,IL,10300 S. Doty,(773) 568-8495 ,2728559
143,01/27/2014,NISS,4D,,SIL,P739178,IL,10300 S. Doty,(773) 568-8495 ,2728557
144,01/27/2014,FORD,VN,,MAR,P358857,IL,10300 S. Doty,(773) 568-8495 ,2728555
145,01/27/2014,FORD,VN,,GRY,5268874,IL,400 E. Lower Wacker,(312) 744-7550,900173
146,01/27/2014,FORD,PK,,RED,1275460,IL,10300 S. Doty,(773) 568-8495 ,2728554
147,01/27/2014,DODG,VN,TK,GRY,H678986,IL,10300 S. Doty,(773) 568-8495 ,2728547
148,01/27/2014,CHEV,LL,TK,MAR,G271895,IL,10300 S. Doty,(773) 568-8495 ,2728546
149,01/27/2014,NISS,4D,,BLK,246R432,IL,701 N. Sacramento,(773) 265-7605,6773006
150,01/27/2014,FORD,LL,TK,BGE,1332875B,IL,701 N. Sacramento,(773) 265-7605,6773005
151,01/27/2014,JEEP,LL,,SIL,A662578,IL,400 E. Lower Wacker,(312) 744-7550,900171
152,01/27/2014,FORD,4D,,MAR,R747617,IL,10300 S. Doty,(773) 568-8495 ,2728544
153,01/27/2014,FORD,4D,,BLK,R823747,IL,701 N. Sacramento,(773) 265-7605,6773004
154,01/27/2014,DODG,4D,,RED,P481869,IL,701 N. Sacramento,(773) 265-7605,6773003
155,01/27/2014,CHRY,VN,TK,RED,167R258,IL,701 N. Sacramento,(773) 265-7605,6773002
156,01/27/2014,SUZI,4D,,BLK,P345240,IL,701 N. Sacramento,(773) 265-7605,6773001
157,01/27/2014,FORD,4D,,GRY,1D26F4,MI,701 N. Sacramento,(773) 265-7605,6773000
158,01/27/2014,SUZI,LL,TK,BLK,P436896,IL,701 N. Sacramento,(773) 265-7605,6772999
159,01/27/2014,DODG,PK,,MAR,868JBB,MN,701 N. Sacramento,(773) 265-7605,6773034
160,01/27/2014,BUIC,LL,,GLD,L650043,IL,701 N. Sacramento,(773) 265-7605,6773035
161,01/27/2014,HOND,4D,,BLK,007DCE,MN,701 N. Sacramento,(773) 265-7605,6773036
162,01/27/2014,SUBA,LL,,GRN,R442369,IL,701 N. Sacramento,(773) 265-7605,6773033
163,01/27/2014,DODG,4D,,BLK,R165032,IL,701 N. Sacramento,(773) 265-7605,6772998
164,01/27/2014,TOYT,4D,,BLU,X770266,IL,10300 S. Doty,(773) 568-8495 ,2728543
165,01/27/2014,DODG,LL,,SIL,L420041,IL,10300 S. Doty,(773) 568-8495 ,2728541
166,01/27/2014,DODG,VN,,GRY,R128661,IL,10300 S. Doty,(773) 568-8495 ,2728539
167,01/27/2014,DODG,VN,,BLK,H692059,IL,701 N. Sacramento,(773) 265-7605,6773032
168,01/27/2014,CHEV,LL,,GRY,925TZO,CO,701 N. Sacramento,(773) 265-7605,6773031
169,01/27/2014,CHEV,4D,,RED,S711350,IL,10300 S. Doty,(773) 568-8495 ,2728540
170,01/27/2014,TOYT,4D,,GRN,H846061,IL,701 N. Sacramento,(773) 265-7605,6773030
171,01/27/2014,CHRY,4D,,BLK,S821555,IL,701 N. Sacramento,(773) 265-7605,6773029
172,01/27/2014,LINC,4D,,BLK,S376930,IL,10300 S. Doty,(773) 568-8495 ,2728538
173,01/27/2014,FORD,2D,,WHI,S379295,IL,10300 S. Doty,(773) 568-8495 ,2728536
174,01/27/2014,PONT,4D,,SIL,719P009,IL,10300 S. Doty,(773) 568-8495 ,2728537
175,01/27/2014,BMW,4D,,WHI,CBA1506,GA,10300 S. Doty,(773) 568-8495 ,2728535
176,01/27/2014,HOND,4D,,BLK,7378072,IL,701 N. Sacramento,(773) 265-7605,6773028
177,01/27/2014,CHEV,2D,,BLU,S959659,IL,10300 S. Doty,(773) 568-8495 ,2728534
178,01/27/2014,HOND,4D,,GRY,6943441,IL,701 N. Sacramento,(773) 265-7605,6773027
179,01/27/2014,TOYT,4D,,BLK,068MGV,FL,701 N. Sacramento,(773) 265-7605,6773024
180,01/27/2014,PONT,4D,,WHI,R456009,IL,10300 S. Doty,(773) 568-8495 ,2728533
181,01/27/2014,DODG,LL,,BLK,S387406,IL,10300 S. Doty,(773) 568-8495 ,2725532
182,01/27/2014,CHEV,4D,,GRY,R519096,IL,701 N. Sacramento,(773) 265-7605,6773026
183,01/27/2014,MAZD,4D,,BLK,R261978,IL,701 N. Sacramento,(773) 265-7605,6773025
184,01/27/2014,SATR,4D,,BLK,S138990,IL,701 N. Sacramento,(773) 265-7605,6773023
185,01/27/2014,ACUR,4D,,BLK,7519276,IL,701 N. Sacramento,(773) 265-7605,6773022
186,01/27/2014,CHEV,LL,,BLK,K807002,IL,701 N. Sacramento,(773) 265-7605,6773021
187,01/27/2014,FORD,2D,,BLK,1050538,IL,701 N. Sacramento,(773) 265-7605,6773020
188,01/27/2014,SUBA,SW,,BLK,6KQR56,MI,701 N. Sacramento,(773) 265-7605,6773016
189,01/27/2014,FORD,LL,,GRN,N183637,IL,701 N. Sacramento,(773) 265-7605,6773015
190,01/27/2014,TOYT,2D,,BLK,R488455,IL,701 N. Sacramento,(773) 265-7605,6773017
191,01/27/2014,TOYT,4D,,GRY,L286096,IL,701 N. Sacramento,(773) 265-7605,6773013
192,01/27/2014,LEXS,LL,,GRY,L975639,IL,701 N. Sacramento,(773) 265-7605,6773011
193,01/27/2014,HOND,VN,TK,TAN,S158599,IL,701 N. Sacramento,(773) 265-7605,6772997
194,01/27/2014,JEEP,LL,TK,WHI,N118063,IL,701 N. Sacramento,(773) 265-7605,6772996
195,01/27/2014,MAZD,2D,,GRY,H799852,IL,701 N. Sacramento,(773) 265-7605,6772995
196,01/27/2014,DODG,VN,TK,GRY,S716854,IL,701 N. Sacramento,(773) 265-7605,6772994
197,01/27/2014,HOND,4D,,BLK,X908576,IL,701 N. Sacramento,(773) 265-7605,6772989
198,01/27/2014,CHEV,4D,,WHI,X470422,IL,701 N. Sacramento,(773) 265-7605,6772993
199,01/27/2014,DODG,VN,,GRY,P359053,IL,701 N. Sacramento,(773) 265-7605,6772992
200,01/27/2014,FORD,LL,TK,MAR,P427794,IL,701 N. Sacramento,(773) 265-7605,6772991
201,01/27/2014,GMC,LL,,BLK,S390443,IL,701 N. Sacramento,(773) 265-7605,6772990
202,01/27/2014,HOND,2D,,BLK,K538325,IL,701 N. Sacramento,(773) 265-7605,6772988
203,01/27/2014,BUIC,LL,TK,WHI,8071765,IL,701 N. Sacramento,(773) 265-7605,6772987
204,01/27/2014,OLDS,4D,,GRN,R132470,IL,701 N. Sacramento,(773) 265-7605,6772986
205,01/26/2014,DODG,4D,,GRY,R112515,IL,701 N. Sacramento,(773) 265-7605,6772871
206,01/26/2014,PONT,4D,,,,IL,10300 S. Doty,(773) 568-8495 ,2728528
207,01/26/2014,CHEV,VN,,RED,S113976,IL,701 N. Sacramento,(773) 265-7605,6772985
208,01/26/2014,NISS,LL,,GRY,N531298,IL,701 N. Sacramento,(773) 265-7605,6772984
209,01/26/2014,PONT,VN,TK,RED,S236531,IL,701 N. Sacramento,(773) 265-7605,6772983
210,01/26/2014,NISS,4D,,GRN,P328408,IL,10300 S. Doty,(773) 568-8495 ,2728527
211,01/26/2014,VOLV,4D,,BLU,925P489,IL,701 N. Sacramento,(773) 265-7605,6772982
212,01/26/2014,FORD,LL,,RED,1732923,IL,701 N. Sacramento,(773) 265-7605,6772981
213,01/26/2014,FORD,LL,,GRN,79095FF,IL,10300 S. Doty,(773) 568-8495 ,2728526
214,01/26/2014,FORD,4D,,BLU,P656159,IL,701 N. Sacramento,(773) 265-7605,6772980
215,01/26/2014,FORD,PK,,RED,,IL,10300 S. Doty,(773) 568-8495 ,2728525
216,01/26/2014,HOND,2D,,GRY,S834538,IL,701 N. Sacramento,(773) 265-7605,6772979
217,01/26/2014,MITS,4D,,GRN,S211534,IL,701 N. Sacramento,(773) 265-7605,6772978
218,01/26/2014,NISS,4D,,BLU,S645390,IL,701 N. Sacramento,(773) 265-7605,6772977
219,01/26/2014,CHEV,2D,,GRN,R502271,IL,701 N. Sacramento,(773) 265-7605,6772976
220,01/26/2014,LINC,2D,,WHI,,IL,10300 S. Doty,(773) 568-8495 ,2728523
221,01/26/2014,FORD,LL,,YEL,97730G,IL,701 N. Sacramento,(773) 265-7605,6772973
222,01/26/2014,CHEV,4D,,GRN,R453787,IL,701 N. Sacramento,(773) 265-7605,6772974
223,01/26/2014,BUIC,4D,,TAN,R957884,IL,701 N. Sacramento,(773) 265-7605,6772975
224,01/26/2014,CHEV,LL,TK,BLK,N655081,IL,10300 S. Doty,(773) 568-8495 ,2728522
225,01/26/2014,CHEV,VN,TK,MAR,R217039,IL,10300 S. Doty,(773) 568-8495 ,2728521
226,01/26/2014,CHEV,LL,,GRY,S218085,IL,701 N. Sacramento,(773) 265-7605,6772972
227,01/26/2014,CHEV,LL,,BGE,R799928,IL,10300 S. Doty,(773) 568-8495 ,2728519
228,01/26/2014,KIA,LL,,SIL,R728220,IL,10300 S. Doty,(773) 568-8495 ,2728520
229,01/26/2014,MAZD,VN,TK,TAN,R979189,IL,400 E. Lower Wacker,(312) 744-7550,900162
230,01/26/2014,LINC,4D,,GRY,N915120,IL,10300 S. Doty,(773) 568-8495 ,2728517
231,01/26/2014,KIA,VN,,TAN,,IL,10300 S. Doty,(773) 568-8495 ,2728518
232,01/26/2014,TOYT,2D,,BLU,7551172,IL,701 N. Sacramento,(773) 265-7605,6772963
233,01/26/2014,TOYT,LL,,BLK,K922635,IL,701 N. Sacramento,(773) 265-7605,6772949
234,01/26/2014,SUZI,LL,,BLK,S683899,IL,701 N. Sacramento,(773) 265-7605,6772947
235,01/26/2014,PONT,4D,,BLK,R608272,IL,701 N. Sacramento,(773) 265-7605,6772946
236,01/26/2014,TOYT,4D,,GRN,,IL,701 N. Sacramento,(773) 265-7605,6772877
237,01/26/2014,HOND,4D,,BRO,,IL,701 N. Sacramento,(773) 265-7605,6772873
238,01/26/2014,CHEV,LL,,TAN,S480276,IL,701 N. Sacramento,(773) 265-7605,6772870
239,01/26/2014,TOYT,4D,,SIL,CK8G794,TX,701 N. Sacramento,(773) 265-7605,6772964
240,01/26/2014,PONT,4D,,WHI,A569603,IL,701 N. Sacramento,(773) 265-7605,6772965
241,01/26/2014,TOYT,4D,,SIL,V105210,IL,701 N. Sacramento,(773) 265-7605,6772966
242,01/26/2014,MAZD,4D,,TAN,S782548,IL,10300 S. Doty,(773) 568-8495 ,2728516
243,01/26/2014,DODG,LL,TK,BRO,R173019,IL,10300 S. Doty,(773) 568-8495 ,2728515
244,01/26/2014,OLDS,LL,TK,BLK,904P011,IL,10300 S. Doty,(773) 568-8495 ,2728514
245,01/26/2014,FORD,LL,,BLK,958P471,IL,10300 S. Doty,(773) 568-8495 ,2728491
246,01/26/2014,BMW,4D,,GRY,6YLJ628,CA,10300 S. Doty,(773) 568-8495 ,2728513
247,01/26/2014,TOYT,4D,,TAN,1785126,IL,701 N. Sacramento,(773) 265-7605,6772961
248,01/26/2014,TOYT,4D,,MAR,1321764,IL,10300 S. Doty,(773) 568-8495 ,2728482
249,01/26/2014,PONT,4D,,GRY,S863982,IL,10300 S. Doty,(773) 568-8495 ,2728481
250,01/26/2014,DODG,VN,,GLD,H641014,IL,10300 S. Doty,(773) 568-8495 ,2728480
251,01/26/2014,ACUR,4D,,BLK,N758129,IL,10300 S. Doty,(773) 568-8495 ,2728512
252,01/26/2014,HOND,4D,,SIL,G108115,IL,701 N. Sacramento,(773) 265-7605,6772969
253,01/26/2014,TOYT,4D,,WHI,2483TX,IL,701 N. Sacramento,(773) 265-7605,6772968
254,01/26/2014,TOYT,4D,,BGE,L312370,IL,701 N. Sacramento,(773) 265-7605,6772967
255,01/26/2014,BMW,4D,,BLU,8469059,IL,701 N. Sacramento,(773) 265-7605,6772874
256,01/26/2014,HOND,2D,,BLK,1567006,IL,10300 S. Doty,(773) 568-8495 ,2728506
257,01/26/2014,DODG,PK,,RED,24279U,IL,10300 S. Doty,(773) 568-8495 ,2728505
258,01/26/2014,FORD,LL,,GRY,6PJN790,CA,701 N. Sacramento,(773) 265-7605,6772876
259,01/26/2014,DODG,4D,,RED,R479229,IL,10300 S. Doty,(773) 568-8495 ,2728504
260,01/26/2014,OLDS,2D,,WHI,R801520,IL,10300 S. Doty,(773) 568-8495 ,2728486
261,01/26/2014,CHEV,4D,,GRY,235R808,IL,10300 S. Doty,(773) 568-8495 ,2728485
262,01/26/2014,FORD,4D,,RED,4019970,IL,10300 S. Doty,(773) 568-8495 ,2728501
263,01/26/2014,LINC,LL,,BLK,R406445,IL,10300 S. Doty,(773) 568-8495 ,2728476
264,01/26/2014,GMC,LL,,MAR,MZNURS1,IL,10300 S. Doty,(773) 568-8495 ,2728500
265,01/26/2014,SUZU,LL,,WHI,L296592,IL,701 N. Sacramento,(773) 265-7605,6772872
266,01/26/2014,SATR,4D,,MAR,VYJ102,IN,10300 S. Doty,(773) 568-8495 ,2728496
267,01/26/2014,DODG,VN,,TAN,,IL,10300 S. Doty,(773) 568-8495 ,2728475
268,01/26/2014,TOYT,4D,,GRY,6PRJ884,CA,10300 S. Doty,(773) 568-8495 ,2728495
269,01/26/2014,FORD,4D,,BLU,K441459,IL,10300 S. Doty,(773) 568-8495 ,2728494
270,01/26/2014,SUBA,4D,,GRY,S986092,IL,10300 S. Doty,(773) 568-8495 ,2728490
271,01/26/2014,CHEV,LL,,BLK,X942152,IL,10300 S. Doty,(773) 568-8495 ,2728487
272,01/26/2014,FORD,LL,,BLK,X301675,IL,10300 S. Doty,(773) 568-8495 ,2728484
273,01/26/2014,BUIC,4D,,GRY,838P841,IL,10300 S. Doty,(773) 568-8495 ,2728492
274,01/26/2014,NISS,4D,,WHI,L944138,IL,701 N. Sacramento,(773) 265-7605,6772924
275,01/26/2014,VOLK,LL,,WHI,P748700,IL,701 N. Sacramento,(773) 265-7605,6772920
276,01/26/2014,CHEV,4D,,SIL,L572195,IL,701 N. Sacramento,(773) 265-7605,6772909
277,01/26/2014,DODG,4D,,BLK,R122091,IL,701 N. Sacramento,(773) 265-7605,6772910
278,01/26/2014,CHRY,VN,,BLK,R294447,IL,701 N. Sacramento,(773) 265-7605,6772881
279,01/26/2014,LEXS,4D,,MAR,,IL,701 N. Sacramento,(773) 265-7605,6772901
280,01/26/2014,DODG,VN,,GRY,G940596,IL,701 N. Sacramento,(773) 265-7605,6772869
281,01/26/2014,CHEV,4D,,BLK,R979650,IL,701 N. Sacramento,(773) 265-7605,6772868
282,01/26/2014,FORD,LL,,GRY,P538740,IL,701 N. Sacramento,(773) 265-7605,6772893
283,01/26/2014,LEXS,4D,,MAR,665SWZ,TX,701 N. Sacramento,(773) 265-7605,6772887
284,01/26/2014,HYUN,4D,,BLK,HW4245,IN,10300 S. Doty,(773) 568-8495 ,6772886
285,01/26/2014,CHEV,LL,,GRY,H908566,IL,701 N. Sacramento,(773) 265-7605,6772883
286,01/26/2014,CHEV,4D,,BLK,978P072,IL,10300 S. Doty,(773) 568-8495 ,6772866
287,01/26/2014,CHEV,LL,,BLK,R478373,IL,701 N. Sacramento,(773) 265-7605,6772865
288,01/26/2014,DODG,4D,,BLK,H814345,IL,701 N. Sacramento,(773) 265-7605,6772864
289,01/26/2014,MITS,4D,,BLK,CDX7994,TX,10300 S. Doty,(773) 568-8495 ,2728479
290,01/26/2014,FORD,4D,,BLK,GAJ7241,NY,10300 S. Doty,(773) 568-8495 ,2728477
291,01/26/2014,FORD,4D,,RED,977P621,IL,10300 S. Doty,(773) 568-8495 ,2728471
292,01/26/2014,BUIC,4D,,BLK,L920517,IL,10300 S. Doty,(773) 568-8495 ,2728472
293,01/26/2014,HOND,4D,,GRY,H928719,IL,10300 S. Doty,(773) 568-8495 ,2728457
294,01/26/2014,CADI,LL,,BGE,VVN765,IL,701 N. Sacramento,(773) 265-7605,6772863
295,01/26/2014,VOLK,4D,,BLU,S417992,IL,701 N. Sacramento,(773) 265-7605,6772861
296,01/26/2014,BUIC,4D,,BGE,N640245,IL,10300 S. Doty,(773) 568-8495 ,2728531
297,01/26/2014,NISS,4D,,YEL,8451746,IL,10300 S. Doty,(773) 568-8495 ,2728529
298,01/25/2014,VOLK,LL,,SIL,243R557,IL,10300 S. Doty,(773) 568-8495 ,2728454
299,01/25/2014,LINC,LM,,WHI,S212619,IL,701 N. Sacramento,(773) 265-7605,6772852
300,01/25/2014,DODG,4D,,RED,R596108,IL,10300 S. Doty,(773) 568-8495 ,2728453
301,01/25/2014,PONT,4D,,BLK,,IN,10300 S. Doty,(773) 568-8495 ,2728452
302,01/25/2014,FORD,4D,,MAR,734P765,IL,701 N. Sacramento,(773) 265-7605,6772849
303,01/25/2014,FORD,4D,,WHI,15279PT,IL,701 N. Sacramento,(773) 265-7605,6772853
304,01/25/2014,FORD,VN,TK,TAN,963P411,IL,10300 S. Doty,(773) 568-8495 ,2728448
305,01/25/2014,NISS,LL,,MAR,R604522,IL,10300 S. Doty,(773) 568-8495 ,2728450
306,01/25/2014,CHRY,2D,,GRN,11589929,GA,10300 S. Doty,(773) 568-8495 ,2728446
307,01/25/2014,KIA,4D,,RED,S824269,IL,10300 S. Doty,(773) 568-8495 ,2728445
308,01/25/2014,BUIC,4D,,BLU,112R268,IL,701 N. Sacramento,(773) 265-7605,6772851
309,01/25/2014,GMC,VN,,GRY,672P778,IL,701 N. Sacramento,(773) 265-7605,6772850
310,01/25/2014,AUDI,2D,,BLU,R608118,IL,701 N. Sacramento,(773) 265-7605,6772847
311,01/25/2014,CHEV,2D,,BLU,R128615,IL,701 N. Sacramento,(773) 265-7605,6772846
312,01/25/2014,CHEV,PK,TK,GRY,177R041,IL,701 N. Sacramento,(773) 265-7605,6772841
313,01/25/2014,OLDS,VN,TK,SIL,,IL,701 N. Sacramento,(773) 265-7605,6772845
314,01/25/2014,FORD,4D,,GRN,VUO601,IN,701 N. Sacramento,(773) 265-7605,6772844
315,01/25/2014,NISS,4D,,GRY,R264060,IL,701 N. Sacramento,(773) 265-7605,6772843
316,01/25/2014,DODG,4D,,SIL,N671835,IL,10300 S. Doty,(773) 568-8495 ,2728443
317,01/25/2014,DODG,VN,TK,RED,,,10300 S. Doty,(773) 568-8495 ,2728444
318,01/25/2014,CHEV,4D,,TAN,786P496,IL,701 N. Sacramento,(773) 265-7605,6772842
319,01/25/2014,CHEV,4D,,GRN,S229504,IL,10300 S. Doty,(773) 568-8495 ,2728440
320,01/25/2014,OLDS,4D,,TAN,N640728,IL,10300 S. Doty,(773) 568-8495 ,2728441
321,01/25/2014,CHRY,4D,,SIL,L721548,IL,10300 S. Doty,(773) 568-8495 ,2728438
322,01/25/2014,DODG,VN,TK,BLK,AZR3803,AZ,400 E. Lower Wacker,(312) 744-7550,900145
323,01/25/2014,INFI,4D,,BLK,R615000,IL,10300 S. Doty,(773) 568-8495 ,2728437
324,01/25/2014,FORD,4D,,MAR,R195756,IL,10300 S. Doty,(773) 568-8495 ,2728436
325,01/25/2014,TOYT,4D,,WHI,N653584,IL,10300 S. Doty,(773) 568-8495 ,2728385
326,01/25/2014,VOLK,4D,,BLK,A782126,IL,701 N. Sacramento,(773) 265-7605,6772839
327,01/25/2014,CHEV,LL,TK,WHI,K834746,IL,701 N. Sacramento,(773) 265-7605,6772838
328,01/25/2014,CADI,2D,,WHI,,IL,10300 S. Doty,(773) 568-8495 ,2728435
329,01/25/2014,KIA,4D,,BLK,S335272,IL,10300 S. Doty,(773) 568-8495 ,2728434
330,01/25/2014,CHEV,4D,,WHI,H711171,IL,10300 S. Doty,(773) 568-8495 ,2728433
331,01/25/2014,MERC,LL,,RED,S172706,IL,10300 S. Doty,(773) 568-8495 ,2728432
332,01/25/2014,CHRY,4D,,TAN,G900659,IL,10300 S. Doty,(773) 568-8495 ,2728317
333,01/25/2014,CHEV,LL,,BRO,175R480,IL,701 N. Sacramento,(773) 265-7605,6772836
334,01/25/2014,CHEV,LL,,BLU,2116IQ,IL,10300 S. Doty,(773) 568-8495 ,2728469
335,01/25/2014,PLYM,VN,,GRN,H277111,IL,10300 S. Doty,(773) 568-8495 ,2728421
336,01/25/2014,FORD,4D,,GRY,R986097,IL,10300 S. Doty,(773) 568-8495 ,2728409
337,01/25/2014,MERC,4D,,WHI,N117995,IL,10300 S. Doty,(773) 568-8495 ,2728428
338,01/25/2014,CHEV,2D,,TAN,K531874,IL,10300 S. Doty,(773) 568-8495 ,2728458
339,01/25/2014,DODG,4D,,GRY,H718876,IL,10300 S. Doty,(773) 568-8495 ,2728345
340,01/25/2014,PONT,VN,,TAN,S141937,IL,10300 S. Doty,(773) 568-8495 ,2728464
341,01/25/2014,TOYT,4D,,TAN,H828025,IL,10300 S. Doty,(773) 568-8495 ,2728425
342,01/25/2014,FORD,LL,TK,WHI,R195480,IL,10300 S. Doty,(773) 568-8495 ,2728427
343,01/25/2014,JEEP,LL,,GRN,R979224,IL,10300 S. Doty,(773) 568-8495 ,2728431
344,01/25/2014,CHEV,2D,,BLK,R595395,IL,10300 S. Doty,(773) 568-8495 ,2728420
345,01/25/2014,NISS,4D,,BLU,R224507,IL,10300 S. Doty,(773) 568-8495 ,2728430
346,01/25/2014,FORD,4D,,RED,Y635016,IL,10300 S. Doty,(773) 568-8495 ,2728426
347,01/25/2014,BUIC,LL,,MAR,N926381,IL,10300 S. Doty,(773) 568-8495 ,2728424
348,01/25/2014,NISS,4D,,BLK,L717772,IL,10300 S. Doty,(773) 568-8495 ,2728423
349,01/25/2014,CHEV,4D,,BLU,P580455,IL,10300 S. Doty,(773) 568-8495 ,2728422
350,01/25/2014,MITS,PK,,BLU,76040X,IL,10300 S. Doty,(773) 568-8495 ,2728419
351,01/25/2014,FORD,4D,,TAN,S475861,IL,10300 S. Doty,(773) 568-8495 ,2728418
352,01/25/2014,CHEV,4D,,MAR,R503562,IL,10300 S. Doty,(773) 568-8495 ,2728417
353,01/25/2014,MERC,4D,,BLK,L615057,IL,701 N. Sacramento,(773) 265-7605,6772833
354,01/25/2014,LINC,4D,,TAN,N537905,IL,701 N. Sacramento,(773) 265-7605,6772832
355,01/25/2014,CHEV,VN,,RED,6075792,IL,701 N. Sacramento,(773) 265-7605,6772780
356,01/25/2014,TOYT,4D,,SIL,S333508,IL,701 N. Sacramento,(773) 265-7605,6772835
357,01/25/2014,FORD,LL,,YEL,,IL,701 N. Sacramento,(773) 265-7605,6772834
358,01/25/2014,DODG,4D,,MAR,R335336,IL,701 N. Sacramento,(773) 265-7605,6772740
359,01/25/2014,KIA,VN,,TAN,PRAIZB2,IL,10300 S. Doty,(773) 568-8495 ,2728415
360,01/25/2014,HOND,4D,,GRN,L691634,IL,10300 S. Doty,(773) 568-8495 ,2728414
361,01/25/2014,PONT,2D,,SIL,R800587,IL,10300 S. Doty,(773) 568-8495 ,2728412
362,01/25/2014,SAA,2D,,SIL,R497340,IL,10300 S. Doty,(773) 568-8495 ,2728413
363,01/25/2014,HYUN,4D,,BLK,K150416,IL,10300 S. Doty,(773) 568-8495 ,2728411
364,01/25/2014,FORD,LL,,BLU,R972021,IL,10300 S. Doty,(773) 568-8495 ,2728408
365,01/25/2014,CHEV,4D,,PNK,S276882,IL,10300 S. Doty,(773) 568-8495 ,2728410
366,01/25/2014,BUIC,4D,,RED,R425149,IL,701 N. Sacramento,(773) 265-7605,6772779
367,01/25/2014,BMW,4D,,BLK,S252084,IL,701 N. Sacramento,(773) 265-7605,6772778
368,01/25/2014,TOYT,4D,,WHI,N928321,IL,701 N. Sacramento,(773) 265-7605,6772777
369,01/25/2014,TOYT,4D,,BGE,P605001,IL,701 N. Sacramento,(773) 265-7605,6772776
370,01/25/2014,CHEV,4D,,SIL,N765588,IL,10300 S. Doty,(773) 568-8495 ,2728405
371,01/25/2014,CHEV,4D,,BLK,R757137,IL,10300 S. Doty,(773) 568-8495 ,2728404
372,01/25/2014,MERZ,4D,,BLK,L373253,IL,701 N. Sacramento,(773) 265-7605,6772775
373,01/25/2014,SUBA,4D,,GRY,L662960,IL,701 N. Sacramento,(773) 265-7605,6772774
374,01/25/2014,HYUN,4D,,GRY,R417311,IL,701 N. Sacramento,(773) 265-7605,6772773
375,01/25/2014,ISU,LL,,BLK,R485872,IL,701 N. Sacramento,(773) 265-7605,6772771
376,01/25/2014,CHRY,4D,,BLK,N642127,IL,10300 S. Doty,(773) 568-8495 ,2728402
377,01/25/2014,MERC,4D,,SIL,L927951,IL,10300 S. Doty,(773) 568-8495 ,2728407
378,01/25/2014,CHEV,4D,,GRN,R726701,IL,10300 S. Doty,(773) 568-8495 ,2728406
379,01/25/2014,CHRY,VN,,BLU,R135423,IL,10300 S. Doty,(773) 568-8495 ,2728390
380,01/25/2014,MERC,4D,,GRY,K718587,IL,701 N. Sacramento,(773) 265-7605,6772772
381,01/25/2014,MERC,4D,,GLD,P270773,IL,701 N. Sacramento,(773) 265-7605,6772770
382,01/25/2014,CHEV,LL,,TAN,K519903,IL,10300 S. Doty,(773) 568-8495 ,2728401
383,01/25/2014,MITS,4D,,WHI,594LLS,IN,10300 S. Doty,(773) 568-8495 ,2728386
384,01/25/2014,CHEV,4D,,TAN,N636225,IL,10300 S. Doty,(773) 568-8495 ,2728388
385,01/25/2014,VOLV,4D,,GRY,K377973,IL,10300 S. Doty,(773) 568-8495 ,2728403
386,01/25/2014,DODG,VN,,WHI,279458,IL,10300 S. Doty,(773) 568-8495 ,2728389
387,01/25/2014,CHEV,4D,,SIL,H728183,IL,10300 S. Doty,(773) 568-8495 ,2728387
388,01/25/2014,DODG,VN,,RED,R743326,IL,400 E. Lower Wacker,(312) 744-7550,2728384
389,01/25/2014,DODG,2D,,BLU,R958963,IL,701 N. Sacramento,(773) 265-7605,6772768
390,01/25/2014,MERC,4D,,MAR,R131706,IL,10300 S. Doty,(773) 568-8495 ,2728377
391,01/25/2014,GMC,LL,,BLU,P409515,IL,10300 S. Doty,(773) 568-8495 ,2728379
392,01/25/2014,LINC,4D,,SIL,S208496,IL,10300 S. Doty,(773) 568-8495 ,2728378
393,01/25/2014,HYUN,LL,,BLK,,IL,10300 S. Doty,(773) 568-8495 ,2728375
394,01/25/2014,MITS,4D,,SIL,A411909,IL,10300 S. Doty,(773) 568-8495 ,2728400
395,01/25/2014,TOYT,4D,,BLK,X148756,IL,10300 S. Doty,(773) 568-8495 ,2728382
396,01/25/2014,PONT,4D,,BLK,N919849,IL,10300 S. Doty,(773) 568-8495 ,2728373
397,01/25/2014,JEEP,LL,,BLK,N202786,IL,10300 S. Doty,(773) 568-8495 ,2728372
398,01/25/2014,CHRY,VN,,,,IL,10300 S. Doty,(773) 568-8495 ,2728371
399,01/25/2014,CHRY,VN,,TAN,R320631,IL,10300 S. Doty,(773) 568-8495 ,2728360
400,01/25/2014,KIA,VN,,TAN,N491713,IL,10300 S. Doty,(773) 568-8495 ,2728357
401,01/25/2014,FORD,4D,,TAN,H826374,IL,10300 S. Doty,(773) 568-8495 ,2728381
402,01/25/2014,MERC,4D,,GRN,N906156,IL,10300 S. Doty,(773) 568-8495 ,2728380
403,01/25/2014,CHEV,4D,,SIL,S338096,IL,10300 S. Doty,(773) 568-8495 ,2728374
404,01/25/2014,HOND,4D,,WHI,314BAS,IN,10300 S. Doty,(773) 568-8495 ,2728394
405,01/25/2014,CHRY,VN,,TAN,N755726,IL,10300 S. Doty,(773) 568-8495 ,2728398
406,01/25/2014,CADI,4D,,BLK,S631366,IL,701 N. Sacramento,(773) 265-7605,6772767
407,01/25/2014,LINC,LL,,BLU,L745210,IL,701 N. Sacramento,(773) 265-7605,6772766
408,01/25/2014,NISS,4D,,GLD,230R852,IL,701 N. Sacramento,(773) 265-7605,6772762
409,01/25/2014,BUIC,4D,,MAR,R498279,IL,701 N. Sacramento,(773) 265-7605,6772764
410,01/25/2014,DODG,4D,,GRN,,IL,701 N. Sacramento,(773) 265-7605,6772761
411,01/25/2014,FORD,4D,,GLD,A312965,IL,701 N. Sacramento,(773) 265-7605,6772765
412,01/25/2014,MERC,4D,,BLK,A292753,IL,10300 S. Doty,(773) 568-8495 ,2728364
413,01/25/2014,CHEV,LL,,SIL,A851762,IL,10300 S. Doty,(773) 568-8495 ,2728363
414,01/25/2014,FORD,4D,,SIL,L928293,IL,10300 S. Doty,(773) 568-8495 ,2728367
415,01/25/2014,CHEV,LL,,GLD,S141544,IL,10300 S. Doty,(773) 568-8495 ,2728366
416,01/25/2014,CHRY,LL,,BLK,P344134,IL,10300 S. Doty,(773) 568-8495 ,2728365
417,01/25/2014,NISS,2D,,WHI,R470141,IL,701 N. Sacramento,(773) 265-7605,6772760
418,01/25/2014,FORD,2D,,RED,H906499,IL,701 N. Sacramento,(773) 265-7605,6772757
419,01/25/2014,MERZ,4D,,WHI,S653184,IL,701 N. Sacramento,(773) 265-7605,6772756
420,01/25/2014,BUIC,4D,,SIL,N902251,IL,701 N. Sacramento,(773) 265-7605,6772758
421,01/25/2014,TOYT,2D,,WHI,CML2170,MI,701 N. Sacramento,(773) 265-7605,6772822
422,01/25/2014,FORD,VN,,GLD,S223266,IL,701 N. Sacramento,(773) 265-7605,6772823
423,01/25/2014,NISS,4D,,MAR,S163457,IL,10300 S. Doty,(773) 568-8495 ,2728362
424,01/25/2014,MERZ,LL,,SIL,A497196,IL,10300 S. Doty,(773) 568-8495 ,2728359
425,01/25/2014,BMW,LL,,GRY,9266546,IL,10300 S. Doty,(773) 568-8495 ,2728395
426,01/25/2014,PONT,4D,,BLU,H421949,IL,10300 S. Doty,(773) 568-8495 ,2728356
427,01/25/2014,VOLV,4D,,BLK,N727625,IL,10300 S. Doty,(773) 568-8495 ,2728355
428,01/25/2014,FORD,LL,,TAN,S682869,IL,10300 S. Doty,(773) 568-8495 ,2728478
429,01/25/2014,CHEV,LL,,BLK,S250574,IL,10300 S. Doty,(773) 568-8495 ,2728358
430,01/25/2014,NISS,4D,,BLK,L638495,IL,10300 S. Doty,(773) 568-8495 ,2728473
431,01/25/2014,VOLK,4D,,RED,6002287,IL,10300 S. Doty,(773) 568-8495 ,2728354
432,01/25/2014,BUIC,LL,,TAN,,IL,10300 S. Doty,(773) 568-8495 ,2728352
433,01/25/2014,LEXS,4D,,TAN,P420757,IL,10300 S. Doty,(773) 568-8495 ,2728351
434,01/25/2014,SATR,4D,,BLK,5795477,IL,10300 S. Doty,(773) 568-8495 ,2728470
435,01/25/2014,CHEV,2D,,GRN,S108817,IL,10300 S. Doty,(773) 568-8495 ,2728350
436,01/25/2014,ACUR,4D,,BLK,R700377,IL,10300 S. Doty,(773) 568-8495 ,2728474
437,01/25/2014,FORD,LL,,SIL,R805648,IL,10300 S. Doty,(773) 568-8495 ,2728353
438,01/25/2014,MERZ,LL,,GRN,R757333,IL,701 N. Sacramento,(773) 265-7605,6772804
439,01/25/2014,CHEV,4D,,BLU,S112391,IL,10300 S. Doty,(773) 568-8495 ,2728347
440,01/25/2014,CHEV,4D,,BLK,R382162,IL,701 N. Sacramento,(773) 265-7605,6772795
441,01/25/2014,HOND,4D,,GRY,R934988,IL,701 N. Sacramento,(773) 265-7605,6772755
442,01/25/2014,LINC,4D,,GRY,X712416,IL,701 N. Sacramento,(773) 265-7605,6772751
443,01/25/2014,CHEV,4D,,WHI,S124240,IL,701 N. Sacramento,(773) 265-7605,6772752
444,01/25/2014,OLDS,LL,,BLK,,IL,10300 S. Doty,(773) 568-8495 ,272831
445,01/25/2014,DODG,VN,,BLU,N659360,IL,10300 S. Doty,(773) 568-8495 ,2728327
446,01/25/2014,CHEV,4D,,RED,R805083,IL,10300 S. Doty,(773) 568-8495 ,2728340
447,01/25/2014,ISU,LL,,BLU,R185544,IL,10300 S. Doty,(773) 568-8495 ,2728339
448,01/25/2014,TOYT,4D,,SIL,,IL,10300 S. Doty,(773) 568-8495 ,2728335
449,01/25/2014,CHEV,2D,,WHI,N928191,IL,10300 S. Doty,(773) 568-8495 ,2728332
450,01/25/2014,CHEV,2D,,BLK,941P619,IL,10300 S. Doty,(773) 568-8495 ,2728468
451,01/25/2014,NISS,4D,,BLU,,IL,10300 S. Doty,(773) 568-8495 ,2728466
452,01/25/2014,DODG,4D,,SIL,ND3675,IN,10300 S. Doty,(773) 568-8495 ,2728467
453,01/25/2014,PONT,4D,,,S189868,IL,10300 S. Doty,(773) 568-8495 ,2728465
454,01/25/2014,CHEV,4D,,WHI,P143411,IL,10300 S. Doty,(773) 568-8495 ,2728463
455,01/25/2014,BUIC,4D,,MAR,S869104,IL,10300 S. Doty,(773) 568-8495 ,2728459
456,01/25/2014,MITS,4D,,BLU,S124955,IL,10300 S. Doty,(773) 568-8495 ,2728456
457,01/25/2014,JEEP,LL,,GRY,DL831A,IL,701 N. Sacramento,(773) 265-7605,6772860
458,01/25/2014,JEEP,4D,,WHI,S449450,IL,701 N. Sacramento,(773) 265-7605,6772859
459,01/25/2014,HOND,2D,,BLU,5322849,IL,701 N. Sacramento,(773) 265-7605,6772858
460,01/25/2014,BUIC,2D,,LBL,585P877,IL,701 N. Sacramento,(773) 265-7605,6772855
461,01/25/2014,DODG,4D,,BLU,K288068,IL,701 N. Sacramento,(773) 265-7605,6772854
462,01/25/2014,MITS,LL,,MAR,S861361,IL,701 N. Sacramento,(773) 265-7605,6772746
463,01/25/2014,VOLK,4D,,GRY,9989249,IL,701 N. Sacramento,(773) 265-7605,6772745
464,01/25/2014,TOYT,4D,,TAN,9060863,IL,701 N. Sacramento,(773) 265-7605,6772744
465,01/25/2014,BUIC,4D,,WHI,,IL,701 N. Sacramento,(773) 265-7605,6772743
466,01/25/2014,LINC,4D,,BLK,R313069,IL,701 N. Sacramento,(773) 265-7605,6772742
467,01/25/2014,CHEV,4D,,BLK,R749375,IL,701 N. Sacramento,(773) 265-7605,6772741
468,01/25/2014,FORD,4D,,WHI,R482291,IL,10300 S. Doty,(773) 568-8495 ,2728319
469,01/24/2014,CADI,4D,,GRY,254R165,IL,701 N. Sacramento,(773) 265-7605,6772738
470,01/24/2014,FORD,4D,,BRO,R712707,IL,701 N. Sacramento,(773) 265-7605,6772736
471,01/24/2014,CHEV,4D,,GLD,R879182,IL,701 N. Sacramento,(773) 265-7605,6772735
472,01/24/2014,CHEV,4D,,BLU,S228368,IL,10300 S. Doty,(773) 568-8495 ,2728314
473,01/24/2014,INFI,4D,,GRY,FUM9014,OH,10300 S. Doty,(773) 568-8495 ,2728313
474,01/24/2014,BUIC,4D,,SIL,N679422,IL,10300 S. Doty,(773) 568-8495 ,2728311
475,01/24/2014,JEEP,LL,TK,BLK,9256321,IL,10300 S. Doty,(773) 568-8495 ,2728309
476,01/24/2014,NISS,4D,,SIL,L569930,IL,10300 S. Doty,(773) 568-8495 ,2728310
477,01/24/2014,BUIC,4D,,WHI,S226031,IL,701 N. Sacramento,(773) 265-7605,6772733
478,01/24/2014,BUIC,4D,,BLU,L297479,IL,701 N. Sacramento,(773) 265-7605,6772732
479,01/24/2014,MERC,4D,,RED,,IL,701 N. Sacramento,(773) 265-7605,6772730
480,01/24/2014,BUIC,4D,,WHI,P607293,IL,701 N. Sacramento,(773) 265-7605,6772729
481,01/24/2014,FORD,PK,,MAR,BWN3663,MI,701 N. Sacramento,(773) 265-7605,6772728
482,01/24/2014,TOYT,4D,,TAN,N643692,IL,10300 S. Doty,(773) 568-8495 ,2728241
483,01/24/2014,OLDS,4D,,BLU,L731400,IL,10300 S. Doty,(773) 568-8495 ,2728308
484,01/24/2014,FORD,VN,TK,WHI,,,10300 S. Doty,(773) 568-8495 ,2728307
485,01/24/2014,OLDS,VN,,RED,P430421,IL,10300 S. Doty,(773) 568-8495 ,2728230
486,01/24/2014,VOLK,LL,,GRN,P192956,IL,10300 S. Doty,(773) 568-8495 ,2728217
487,01/24/2014,FORD,LL,,SIL,S259863,IL,10300 S. Doty,(773) 568-8495 ,2728245
488,01/24/2014,FORD,PK,,WHI,N930310,IL,10300 S. Doty,(773) 568-8495 ,2728235
489,01/24/2014,CHEV,2T,,BLK,K151944,IL,10300 S. Doty,(773) 568-8495 ,2728306
490,01/24/2014,CHRY,2D,,GRN,,,10300 S. Doty,(773) 568-8495 ,2728211
491,01/24/2014,KIA,LL,TK,RED,L633558,IL,10300 S. Doty,(773) 568-8495 ,2728305
492,01/24/2014,FORD,LL,TK,WHI,N672593,IL,10300 S. Doty,(773) 568-8495 ,2728304
493,01/24/2014,FORD,LL,,GRY,R458661,IL,701 N. Sacramento,(773) 265-7605,6772697
494,01/24/2014,LINC,4D,,BLK,P410413,IL,701 N. Sacramento,(773) 265-7605,6772696
495,01/24/2014,HOND,2D,,GRN,N191965,IL,701 N. Sacramento,(773) 265-7605,6772688
496,01/24/2014,OLDS,4D,,WHI,N150586,IL,701 N. Sacramento,(773) 265-7605,6772681
497,01/24/2014,CHEV,4D,,BLK,S151434,IL,701 N. Sacramento,(773) 265-1846,1532078
498,01/24/2014,CHRY,VN,TC,SIL,2102650,IL,701 N. Sacramento,(773) 265-7605,6772666
499,01/24/2014,NISS,LL,,WHI,S846840,IL,701 N. Sacramento,(773) 265-7605,6772726
500,01/24/2014,GMC,VN,,WHI,R147978,IL,10300 S. Doty,(773) 568-8495 ,2728233
501,01/24/2014,TOYT,4D,,BLK,S720225,IL,701 N. Sacramento,(773) 265-7605,6772687
502,01/24/2014,FORD,VN,,GRN,2033730,IL,701 N. Sacramento,(773) 265-7605,6772699
503,01/24/2014,,,,,,IL,701 N. Sacramento,(773) 265-7605,6772700
504,01/24/2014,CHEV,VN,,WHI,1216851-,IL,10300 S. Doty,(773) 568-8495 ,2728302
505,01/24/2014,FORD,4D,,WHI,278104,IL,10300 S. Doty,(773) 568-8495 ,2728301
506,01/24/2014,CHRY,4D,,GRY,XWT995,IL,10300 S. Doty,(773) 568-8495 ,2728303
507,01/24/2014,NISS,4D,,BLU,P708304,IL,10300 S. Doty,(773) 785-9752,1714190
508,01/24/2014,TOYT,2D,,TAN,R413995,IL,10300 S. Doty,(773) 568-8495 ,2728246
509,01/24/2014,LINC,4D,,BLK,,IL,10300 S. Doty,(773) 568-8495 ,2728279
510,01/24/2014,FORD,LL,,BLK,R905700,IL,10300 S. Doty,(773) 568-8495 ,2728273
511,01/24/2014,OLDS,LL,,BLK,L342866,IL,10300 S. Doty,(773) 568-8495 ,2728284
512,01/24/2014,CHEV,LL,TK,BLK,949962,IL,10300 S. Doty,(773) 568-8495 ,2728336
513,01/24/2014,OLDS,4D,,BLU,,IL,701 N. Sacramento,(773) 265-1846,1532077
514,01/24/2014,SUBA,SW,,GRN,S327538,IL,701 N. Sacramento,(773) 265-1846,1532076
515,01/24/2014,CADI,4D,,BLU,N917965,IL,10300 S. Doty,(773) 568-8495 ,2728297
516,01/24/2014,LEXS,4D,,TAN,L606506,IL,10300 S. Doty,(773) 568-8495 ,2728296
517,01/24/2014,GMC,LL,,WHI,877N482,IL,10300 S. Doty,(773) 568-8495 ,2728294
518,01/24/2014,CHEV,LL,,TAN,VIK796,IN,10300 S. Doty,(773) 568-8495 ,2728293
519,01/24/2014,OLDS,4D,,MAR,N929908,IL,10300 S. Doty,(773) 568-8495 ,2728290
520,01/24/2014,TOYT,4D,,BLK,N762107,IL,10300 S. Doty,(773) 568-8495 ,2728285
521,01/24/2014,PONT,LL,,WHI,N792563,IL,10300 S. Doty,(773) 568-8495 ,2728215
522,01/24/2014,CHRY,LL,,WHI,R226149,IL,10300 S. Doty,(773) 568-8495 ,2728283
523,01/24/2014,DODG,VN,,BLU,,IL,10300 S. Doty,(773) 568-8495 ,2728282
524,01/24/2014,FORD,4D,,MAR,L684776,IL,10300 S. Doty,(773) 568-8495 ,2728289
525,01/24/2014,NISS,4D,,BLU,R818405,IL,10300 S. Doty,(773) 568-8495 ,2728288
526,01/24/2014,NISS,4D,,TAN,N755563,IL,10300 S. Doty,(773) 568-8495 ,2728287
527,01/24/2014,TOYT,4D,,BLK,N651102,IL,10300 S. Doty,(773) 568-8495 ,2728286
528,01/24/2014,TOYT,4D,,BLK,N651102,IL,10300 S. Doty,(773) 568-8495 ,2728286
529,01/24/2014,CHRY,4D,,GRY,BMF1419,GA,10300 S. Doty,(773) 568-8495 ,2728281
530,01/24/2014,PONT,2D,,WHI,P299498,IL,10300 S. Doty,(773) 568-8495 ,2728272
531,01/24/2014,FORD,LL,,RED,R425722,IL,701 N. Sacramento,(773) 265-7605,6772692
532,01/24/2014,FORD,VN,,WHI,N769307,IL,10300 S. Doty,(773) 568-8495 ,2728280
533,01/24/2014,CHEV,LL,,GRN,R494938,IL,10300 S. Doty,(773) 568-8495 ,2728278
534,01/24/2014,VOLV,4D,,SIL,N102369,IL,10300 S. Doty,(773) 568-8495 ,2728276
535,01/24/2014,MAZD,VN,,SIL,K537633,IL,10300 S. Doty,(773) 568-8495 ,2728270
536,01/24/2014,OLDS,4D,,BLK,N930580,IL,10300 S. Doty,(773) 568-8495 ,2728269
537,01/24/2014,CHEV,4D,,TAN,S623528,IL,10300 S. Doty,(773) 568-8495 ,2728268
538,01/24/2014,JEEP,LL,,GRN,R221610,IL,10300 S. Doty,(773) 568-8495 ,2728267
539,01/24/2014,DODG,4D,,GRN,S368603,IL,701 N. Sacramento,(773) 265-7605,6772691
540,01/24/2014,,TR,,BLU,3110019,MN,10300 S. Doty,(773) 568-8495 ,2728243
541,01/24/2014,VOLK,4D,,BLK,L848784,IL,701 N. Sacramento,(773) 265-1846,1532070
542,01/24/2014,MERC,LL,,SIL,R501907,IL,10300 S. Doty,(773) 568-8495 ,2728277
543,01/24/2014,CHEV,4D,,BLU,P512853,IL,10300 S. Doty,(773) 568-8495 ,2728271
544,01/24/2014,TOYT,4D,,RED,R149468,IL,10300 S. Doty,(773) 568-8495 ,2728274
545,01/24/2014,FORD,LL,,RED,N753468,IL,10300 S. Doty,(773) 568-8495 ,2728265
546,01/24/2014,PONT,4D,,RED,H186013,IL,10300 S. Doty,(773) 568-8495 ,2728248
547,01/24/2014,PONT,4D,,TAN,N976285,IL,10300 S. Doty,(773) 568-8495 ,2728239
548,01/24/2014,CHEV,VN,,SIL,N939467,IL,10300 S. Doty,(773) 568-8495 ,2728236
549,01/24/2014,MERC,LL,,RED,P330035,IL,10300 S. Doty,(773) 568-8495 ,2728255
550,01/24/2014,VOLV,4D,,BLK,X841903,IL,701 N. Sacramento,(773) 265-7605,6772689
551,01/24/2014,INFI,4D,,GRY,S116655,IL,10300 S. Doty,(773) 568-8495 ,2728256
552,01/24/2014,MITS,LL,,BLK,K384077,IL,10300 S. Doty,(773) 568-8495 ,2728252
553,01/24/2014,HOND,4D,,GRN,,IL,10300 S. Doty,(773) 568-8495 ,2728251
554,01/24/2014,DODG,VN,,BLK,1083476,IL,10300 S. Doty,(773) 568-8495 ,2728250
555,01/24/2014,CHEV,4D,,MAR,L723881,IL,10300 S. Doty,(773) 568-8495 ,2728249
556,01/24/2014,BUIC,4D,,BLU,3271192,IL,10300 S. Doty,(773) 568-8495 ,2728237
557,01/24/2014,CADI,4D,,BLU,S214643,IL,10300 S. Doty,(773) 568-8495 ,2728238
558,01/24/2014,CADI,LL,,BLU,,IL,10300 S. Doty,(773) 568-8495 ,2728242
559,01/24/2014,HYUN,4D,,GRN,S143036,IL,10300 S. Doty,(773) 568-8495 ,2728247
560,01/24/2014,KIA,LL,TK,RED,L684688,IL,10300 S. Doty,(773) 568-8495 ,2728240
561,01/24/2014,CHEV,4D,,BLK,IT9676,IL,10300 S. Doty,(773) 568-8495 ,2728244
562,01/24/2014,TOYT,4D,,WHI,W66GPP,FL,Chicago O'hare International Airport remote lot E.,(312) 746-6350 ,415485
563,01/24/2014,MITS,4D,,GRY,Y488004,IL,701 N. Sacramento,(773) 265-7605,6772685
564,01/24/2014,BUIC,4D,,MAR,2487970,IL,701 N. Sacramento,(773) 265-7605,6772683
565,01/24/2014,SAA,4D,,BLK,N786452,IL,701 N. Sacramento,(773) 265-7605,6772682
566,01/24/2014,BUIC,4D,,SIL,N924639,IL,10300 S. Doty,(773) 568-8495 ,2728234
567,01/24/2014,CHRY,VN,,GRY,S820719,IL,701 N. Sacramento,(773) 265-7605,6772722
568,01/24/2014,BUIC,4D,,GRN,R453980,IL,10300 S. Doty,(773) 568-8495 ,2728232
569,01/24/2014,AUDI,4D,,SIL,P413113,IL,10300 S. Doty,(773) 568-8495 ,2728231
570,01/24/2014,MERC,LL,TK,BLK,P937561,IL,10300 S. Doty,(773) 568-8495 ,2728324
571,01/24/2014,CHEV,4D,,BLU,S775365,IL,10300 S. Doty,(773) 568-8495 ,2728227
572,01/24/2014,BUIC,4D,,RED,R178858,IL,10300 S. Doty,(773) 568-8495 ,2728226
573,01/24/2014,TOYT,4D,,MAR,481P030,IL,10300 S. Doty,(773) 568-8495 ,2728225
574,01/24/2014,MITS,LL,TK,BLK,PC190685,DE,10300 S. Doty,(773) 568-8495 ,2728348
575,01/24/2014,FORD,LL,,RED,S156970,IL,701 N. Sacramento,(773) 265-7605,6772679
576,01/24/2014,HYUN,4D,,BLU,R251512,IL,10300 S. Doty,(773) 568-8495 ,2728224
577,01/24/2014,CHRY,4D,,SIL,R191501,IL,10300 S. Doty,(773) 568-8495 ,2728223
578,01/24/2014,MERZ,4D,,GRY,S384052,IL,701 N. Sacramento,(773) 265-7605,6772713
579,01/24/2014,FORD,4D,,GRN,L707871,IL,10300 S. Doty,(773) 568-8495 ,2728349
580,01/24/2014,FORD,LL,,MAR,S328520,IL,701 N. Sacramento,(773) 265-7605,6772710
581,01/24/2014,KIA,4D,,GRY,H935647,IL,701 N. Sacramento,(773) 265-7605,6772703
582,01/24/2014,DODG,4D,,BLK,S125085,IL,10300 S. Doty,(773) 568-8495 ,2728222
583,01/24/2014,FORD,4D,,GRY,N939327,IL,10300 S. Doty,(773) 568-8495 ,2728210
584,01/24/2014,CHEV,LL,,SIL,,IL,10300 S. Doty,(773) 568-8495 ,272828
585,01/24/2014,BUIC,4D,,SIL,R486382,IL,10300 S. Doty,(773) 568-8495 ,2728344
586,01/24/2014,BUIC,4D,,TAN,R135921,IL,10300 S. Doty,(773) 568-8495 ,2728207
587,01/24/2014,LINC,4D,,BLK,S240734,IL,10300 S. Doty,(773) 568-8495 ,2728204
588,01/24/2014,BUIC,4D,,BLK,R762948,IL,10300 S. Doty,(773) 568-8495 ,2728326
589,01/24/2014,DODG,VN,,GRN,N573316,IL,10300 S. Doty,(773) 568-8495 ,2728220
590,01/24/2014,CADI,LL,,WHI,9653524,IL,10300 S. Doty,(773) 568-8495 ,461704
591,01/24/2014,MERC,LL,TK,BLK,S172470,IL,10300 S. Doty,(773) 568-8495 ,2728343
592,01/24/2014,CHRY,2D,,BLU,R507386,IL,10300 S. Doty,(773) 568-8495 ,2728219
593,01/24/2014,GMC,LL,,GRY,1447685B,IL,10300 S. Doty,(773) 568-8495 ,2728216
594,01/24/2014,VOLK,4D,,SIL,G326155,IL,10300 S. Doty,(773) 568-8495 ,2728346
595,01/24/2014,CHEV,4D,,BLK,J305213,IL,10300 S. Doty,(773) 568-8495 ,2728338
596,01/24/2014,CHEV,4D,,SIL,,IL,10300 S. Doty,(773) 568-8495 ,2728337
597,01/24/2014,NISS,4D,,BLK,N935263,IL,10300 S. Doty,(773) 568-8495 ,2728331
598,01/24/2014,LINC,4D,,SIL,YNP717,IL,10300 S. Doty,(773) 568-8495 ,2728330
599,01/24/2014,FORD,4D,,BLK,K796053,IL,10300 S. Doty,(773) 568-8495 ,2728329
600,01/24/2014,FORD,VN,TK,GRN,S860875,IL,10300 S. Doty,(773) 568-8495 ,2728328
601,01/24/2014,CHEV,4D,,RED,R805054,IL,10300 S. Doty,(773) 568-8495 ,2728325
602,01/24/2014,CHEV,2D,,RED,S125013,IL,10300 S. Doty,(773) 568-8495 ,2728323
603,01/24/2014,FORD,4D,,WHI,3865306,IN,400 E. Lower Wacker,(312) 744-7550,900077
604,01/24/2014,NISS,4D,,GRY,,IL,701 N. Sacramento,(773) 265-7605,6772675
605,01/24/2014,PONT,VN,,WHI,S675569,IL,701 N. Sacramento,(773) 265-7605,6772674
606,01/24/2014,HOND,2D,,BLK,P427019,IL,701 N. Sacramento,(773) 265-7605,6772673
607,01/24/2014,FORD,PK,TK,RED,2997BH,IL,701 N. Sacramento,(773) 265-7605,6772672
608,01/24/2014,CHEV,4D,,SIL,900P506,IL,701 N. Sacramento,(773) 265-7605,6772670
609,01/24/2014,DODG,LL,DUR,MAR,R998436,IL,701 N. Sacramento,(773) 265-7605,6772669
610,01/24/2014,FORD,LL,TK,SIL,R999812,IL,701 N. Sacramento,(773) 265-7605,6772663
611,01/24/2014,FORD,4D,,BLU,R986179,IL,701 N. Sacramento,(773) 265-7605,6772664
612,01/24/2014,BUIC,4D,,GRY,R199356,IL,10300 S. Doty,(773) 568-8495 ,2728214
613,01/24/2014,BUIC,4D,,GRY,R979078,IL,701 N. Sacramento,(773) 265-7605,6772668
614,01/24/2014,BUIC,4D,,TAN,,IL,701 N. Sacramento,(773) 265-7605,6772667
615,01/24/2014,GMC,LL,,GLD,L925382,IL,10300 S. Doty,(773) 568-8495 ,2728212
616,01/24/2014,DODG,LL,TK,TAN,N762231,IL,10300 S. Doty,(773) 568-8495 ,2728316
617,01/24/2014,CHEV,VN,TK,MAR,,IL,10300 S. Doty,(773) 568-8495 ,2728312
618,01/24/2014,DODG,VN,,GRN,L611528,IL,10300 S. Doty,(773) 568-8495 ,2728315
619,01/23/2014,NISS,LL,TK,BLK,H728483,IL,10300 S. Doty,(773) 568-8495 ,2728196
620,01/23/2014,LARO,LL,,BLK,K386397,IL,10300 S. Doty,(773) 568-8495 ,2728198
621,01/23/2014,CHEV,LL,TK,BLU,9489179,IL,10300 S. Doty,(773) 568-8495 ,2728197
622,01/23/2014,BUIC,4D,,BLK,,,10300 S. Doty,(773) 568-8495 ,2728195
623,01/23/2014,BMW,4D,,BLK,R965592,IL,701 N. Sacramento,(773) 265-7605,6772657
624,01/23/2014,BMW,4D,,BLK,R971131,IL,400 E. Lower Wacker,(312) 744-7550,900069
625,01/23/2014,HOND,4D,,GRY,L674564,IL,701 N. Sacramento,(773) 265-7605,6772654
626,01/23/2014,DODG,LL,,TAN,X417160,IL,10300 S. Doty,(773) 568-8495 ,2728184
627,01/23/2014,PONT,4D,,RED,N929991,IL,10300 S. Doty,(773) 568-8495 ,2728194
628,01/23/2014,PONT,VN,TK,RED,R420757,IL,10300 S. Doty,(773) 568-8495 ,2728191
629,01/23/2014,CHEV,LL,TK,BLU,3367ZS-B,IL,10300 S. Doty,(773) 568-8495 ,2728190
630,01/23/2014,MERZ,4D,,SIL,R355303,IL,701 N. Sacramento,(773) 265-7605,6772653
631,01/23/2014,FORD,LL,,WHI,5690862,IL,701 N. Sacramento,(773) 265-1846,1532069
632,01/23/2014,CHEV,2D,,RED,1290401,IL,701 N. Sacramento,(773) 265-7605,6772652
633,01/23/2014,DODG,4D,,BLK,S906866,IL,701 N. Sacramento,(773) 265-7605,6772651
634,01/23/2014,LINC,LL,NAV,TAN,585P866,IL,701 N. Sacramento,(773) 265-7605,6772650
635,01/23/2014,TOYT,4D,,SIL,X902025,IL,400 E. Lower Wacker,(312) 744-7550,900062
636,01/23/2014,OLDS,4D,,TAN,S732059,IL,701 N. Sacramento,(773) 265-1846,1532068
637,01/23/2014,FORD,LL,,GRN,486BPC,IN,701 N. Sacramento,(773) 265-7605,6772649
638,01/23/2014,INFI,4D,,SIL,G339732,IL,10300 S. Doty,(773) 568-8495 ,2728189
639,01/23/2014,JEEP,LL,TK,BLK,R115083,IL,10300 S. Doty,(773) 568-8495 ,2728188
640,01/23/2014,CHEV,4D,,TAN,L471059,IL,10300 S. Doty,(773) 568-8495 ,2728187
641,01/23/2014,FORD,LL,TK,RED,N756508,IL,10300 S. Doty,(773) 568-8495 ,2728186
642,01/23/2014,NISS,4D,MAX,BLK,R252484,IL,10300 S. Doty,(773) 568-8495 ,2728183
643,01/23/2014,OLDS,4D,ALO,BLU,L348986,IL,10300 S. Doty,(773) 568-8495 ,2728182
644,01/23/2014,CHEV,LL,,WHI,H884845,IL,10300 S. Doty,(773) 568-8495 ,2728200
645,01/23/2014,PONT,4D,GRA,GRN,P636165,IL,10300 S. Doty,(773) 568-8495 ,2728180
646,01/23/2014,INFI,4D,J30,TAN,646EAG,MN,701 N. Sacramento,(773) 265-1846,1532067
647,01/23/2014,INFI,4D,J30,TAN,646EAG,MN,701 N. Sacramento,(773) 265-1846,1532067
648,01/23/2014,CHEV,4D,IMP,SIL,R224915,IL,10300 S. Doty,(773) 568-8495 ,2728177
649,01/23/2014,MERZ,4D,,SIL,602TVZ,WI,10300 S. Doty,(773) 568-8495 ,2728173
650,01/23/2014,FORD,4D,TAU,WHI,R215233,IL,10300 S. Doty,(773) 568-8495 ,2728179
651,01/23/2014,JEEP,LL,CHE,GRY,R600594,IL,10300 S. Doty,(773) 568-8495 ,2728178
652,01/23/2014,CHEV,VN,VEN,SIL,N927041,IL,10300 S. Doty,(773) 568-8495 ,2728174
653,01/23/2014,CHEV,4D,LUM,GRN,L940427,IL,10300 S. Doty,(773) 568-8495 ,2728171
654,01/23/2014,BUIC,4D,REG,BLK,R421062,IL,10300 S. Doty,(773) 568-8495 ,2728172
655,01/23/2014,LEXS,4D,,SIL,264467,IL,10300 S. Doty,(773) 568-8495 ,2728155
656,01/23/2014,FORD,4D,,WHI,N802197,IL,10300 S. Doty,(773) 568-8495 ,2728123
657,01/23/2014,TOYT,4T,,GRN,H729013,IL,10300 S. Doty,(773) 568-8495 ,2728117
658,01/23/2014,PONT,4D,,GRY,S105669,IL,10300 S. Doty,(773) 568-8495 ,2728107
659,01/23/2014,CHEV,VN,TK,WHI,,IL,10300 S. Doty,(773) 568-8495 ,2728185
660,01/23/2014,BUIC,4D,,GLD,S113371,IL,10300 S. Doty,(773) 568-8495 ,2728170
661,01/23/2014,DODG,4D,,GRY,943P878,IL,10300 S. Doty,(773) 568-8495 ,2728133
662,01/23/2014,CHEV,LL,BLZ,BLK,R376613,IL,10300 S. Doty,(773) 568-8495 ,2728166
663,01/23/2014,MITS,4D,,BLK,H188948,IL,10300 S. Doty,(773) 568-8495 ,2728168
664,01/23/2014,FORD,4D,TAU,TAN,VFR557,IN,701 N. Sacramento,(773) 265-7605,6772629
665,01/23/2014,NISS,4D,ALT,TAN,DAMIE1,IL,701 N. Sacramento,(773) 265-7605,6772628
666,01/23/2014,TOYT,4D,AVA,GRN,A654031,IL,701 N. Sacramento,(773) 265-7605,6772627
667,01/23/2014,DODG,4D,CHA,GRY,K853026,IL,10300 S. Doty,(773) 568-8495 ,2728160
668,01/23/2014,NISS,4D,ALT,WHI,K159678,IL,10300 S. Doty,(773) 568-8495 ,2728162
669,01/23/2014,CHEV,2D,MOC,RED,N339486,IL,701 N. Sacramento,(773) 265-7605,6772625
670,01/23/2014,AUDI,4D,,BLK,R489327,IL,701 N. Sacramento,(773) 265-7605,6772624
671,01/23/2014,CHEV,2D,CAM,BLK,H712615,IL,10300 S. Doty,(773) 568-8495 ,2728158
672,01/23/2014,DODG,VN,CVN,BLU,L418379,IL,10300 S. Doty,(773) 568-8495 ,2728156
673,01/23/2014,TOYT,PK,,GRY,65230HB,IL,701 N. Sacramento,(773) 265-7605,6772604
674,01/23/2014,DODG,VN,CVN,BLU,R858456,IL,10300 S. Doty,(773) 568-8495 ,2728153
675,01/23/2014,OLDS,4D,,RED,N762208,IL,10300 S. Doty,(773) 568-8495 ,2728152
676,01/23/2014,BUIC,4D,LES,TAN,R768935,IL,10300 S. Doty,(773) 568-8495 ,2728150
677,01/23/2014,HUMM,LL,,SIL,1961183,IL,10300 S. Doty,(773) 568-8495 ,2728201
678,01/23/2014,BUIC,4D,,BLK,S105135,IL,10300 S. Doty,(773) 568-8495 ,2728202
679,01/23/2014,GMC,LL,,RED,16332TW,IL,10300 S. Doty,(773) 568-8495 ,2728209
680,01/23/2014,HYUN,4D,ELN,BLK,P561195,IL,701 N. Sacramento,(773) 265-7605,6772622
681,01/23/2014,PONT,4D,BON,GRY,R880811,IL,701 N. Sacramento,(773) 265-7605,6772621
682,01/23/2014,DODG,4D,,TAN,XGU022,MN,701 N. Sacramento,(773) 265-7605,6772620
683,01/23/2014,GMC,VN,SAV,BRO,295R461,IL,701 N. Sacramento,(773) 265-7605,6772619
684,01/23/2014,CHEV,4D,MAL,GRN,R500603,IL,701 N. Sacramento,(773) 265-7605,6772618
685,01/23/2014,BUIC,4D,REG,GRN,R571864,IL,10300 S. Doty,(773) 568-8495 ,2728148
686,01/23/2014,CHEV,4D,IMP,SIL,L339378,IL,10300 S. Doty,(773) 568-8495 ,2728146
687,01/23/2014,GMC,LL,ENV,MAR,R838801,IL,10300 S. Doty,(773) 568-8495 ,2728144
688,01/23/2014,BUIC,4D,,GLD,ACB334,IL,701 N. Sacramento,(773) 265-7605,6772598
689,01/23/2014,FORD,2D,,BLU,S134792,IL,701 N. Sacramento,(773) 265-7605,6772597
690,01/23/2014,PONT,4D,,WHI,S276900,IL,10300 S. Doty,(773) 568-8495 ,2728142
691,01/23/2014,MERC,LL,TK,BLU,S782234,IL,701 N. Sacramento,(773) 265-7605,6772617
692,01/23/2014,MAZD,4D,PRO,TAN,X468348,IL,10300 S. Doty,(773) 568-8495 ,2728136
693,01/23/2014,MERC,2D,COU,RED,3845561,IL,10300 S. Doty,(773) 568-8495 ,2728140
694,01/23/2014,CADI,LL,,BLK,P681418,IL,10300 S. Doty,(773) 568-8495 ,2728139
695,01/23/2014,JEEP,LL,CHE,BLK,R383167,IL,10300 S. Doty,(773) 568-8495 ,2728135
696,01/23/2014,FORD,4D,,BLU,6777929,IL,10300 S. Doty,(773) 568-8495 ,2728137
697,01/23/2014,JEEP,LL,,BLK,P625230,IL,10300 S. Doty,(773) 568-8495 ,2728128
698,01/23/2014,HOND,4D,CIV,BLK,R700803,IL,10300 S. Doty,(773) 568-8495 ,2728126
699,01/23/2014,BUIC,4D,,WHI,S218973,IL,701 N. Sacramento,(773) 265-7605,6772616
700,01/23/2014,CHRY,,,,S108393,IL,10300 S. Doty,(773) 568-8495 ,2728121
701,01/23/2014,CHEV,LL,,GRY,K528675,IL,10300 S. Doty,(773) 568-8495 ,2728120
702,01/23/2014,TOYT,4T,,BLK,R443768,IL,10300 S. Doty,(773) 568-8495 ,2728119
703,01/23/2014,MAZD,4T,,BLK,L635122,IL,10300 S. Doty,(773) 568-8495 ,2728118
704,01/23/2014,CADI,4D,,RED,L753695,IL,10300 S. Doty,(773) 568-8495 ,2728116
705,01/23/2014,MAZD,2T,,WHI,H802998,IL,10300 S. Doty,(773) 568-8495 ,2728111
706,01/23/2014,GMC,LL,,GRY,K413143,IL,10300 S. Doty,(773) 568-8495 ,2728112
707,01/23/2014,TOYT,4H,,BLK,G184433,IL,10300 S. Doty,(773) 568-8495 ,2728110
708,01/23/2014,CHEV,2D,,WHI,S626307,IL,10300 S. Doty,(773) 568-8495 ,2728115
709,01/23/2014,DODG,VN,,RED,,IL,10300 S. Doty,(773) 568-8495 ,2728114
710,01/23/2014,CHEV,VN,,BGE,N921842,IL,10300 S. Doty,(773) 568-8495 ,2728109
711,01/23/2014,CHEV,4D,,BLK,P724344,IL,701 N. Sacramento,(773) 265-7605,6772642
712,01/23/2014,HOND,4D,,BLK,825AOK,IN,701 N. Sacramento,(773) 265-7605,6772639
713,01/23/2014,HYUN,,,,,IL,701 N. Sacramento,(773) 265-7605,6772596
714,01/23/2014,DODG,VN,,WHI,1085215B,IL,701 N. Sacramento,(773) 265-7605,6772607
715,01/23/2014,CADI,2D,,BLK,P880505,IL,701 N. Sacramento,(773) 265-7605,6772611
716,01/23/2014,NISS,4D,,RED,R495053,IL,701 N. Sacramento,(773) 265-7605,6772600
717,01/23/2014,PONT,4D,,TAN,R974054,IL,10300 S. Doty,(773) 568-8495 ,2728102
718,01/23/2014,MERC,4D,,WHI,S236711,IL,701 N. Sacramento,(773) 265-7605,6772599
719,01/23/2014,TOYT,4D,,WHI,LVNR00,NV,10300 S. Doty,(773) 568-8495 ,2728104
720,01/23/2014,SATR,4D,,GRN,R130418,IL,10300 S. Doty,(773) 568-8495 ,2728101
721,01/23/2014,LINC,4D,,RED,R128043,IL,701 N. Sacramento,(773) 265-7605,6772601
722,01/23/2014,CHEV,LL,,GRN,87387XB,IL,701 N. Sacramento,(773) 265-7605,6772609
723,01/23/2014,GMC,VN,,BRO,F241835,IL,10300 S. Doty,(773) 568-8495 ,2728097
724,01/23/2014,MITS,2D,,RED,P434857,IL,701 N. Sacramento,(773) 265-7605,6772608
725,01/22/2014,CHEV,4D,,GLD,8134188,IL,10300 S. Doty,(773) 568-8495 ,2728090
726,01/22/2014,MERC,4D,,RED,S414160,IL,701 N. Sacramento,(773) 265-7605,6772595
727,01/22/2014,CHEV,4D,,GRN,R688798,IL,701 N. Sacramento,(773) 265-7605,6772593
728,01/22/2014,SATR,4D,,GRY,S375391,IL,10300 S. Doty,(773) 568-8495 ,2728085
729,01/22/2014,KIA,4D,,BLK,,,10300 S. Doty,(773) 568-8495 ,2728083
730,01/22/2014,HYUN,4D,,WHI,47L30S9,AL,10300 S. Doty,(773) 568-8495 ,2728082
731,01/22/2014,FORD,LL,TK,GRY,S209351,IL,10300 S. Doty,(773) 568-8495 ,2728081
732,01/22/2014,CHEV,LL,,BLU,S863363,IL,701 N. Sacramento,(773) 265-7605,6772588
733,01/22/2014,MERC,4D,,GRY,489P050,IL,701 N. Sacramento,(773) 265-7605,6772587
734,01/22/2014,BUIC,4D,,GRY,S226860,IL,701 N. Sacramento,(773) 265-7605,6772586
735,01/22/2014,VOLK,4D,,BLK,,IL,701 N. Sacramento,(773) 265-1846,1532064
736,01/22/2014,CHRY,VN,TK,BLK,L902208,IL,701 N. Sacramento,(773) 265-7605,6772561
737,01/22/2014,CHEV,4D,,SIL,S218340,IL,701 N. Sacramento,(773) 265-7605,6772560
738,01/22/2014,DODG,4D,,GLD,R420591,IL,10300 S. Doty,(773) 568-8495 ,2728079
739,01/22/2014,KIA,VN,TK,BLU,680P354,IL,10300 S. Doty,(773) 568-8495 ,2728072
740,01/22/2014,PONT,4D,,GRN,H284212,IL,10300 S. Doty,(773) 568-8495 ,2728071
741,01/22/2014,OLDS,4D,,GRY,,,10300 S. Doty,(773) 568-8495 ,2728069
742,01/22/2014,FORD,VN,,BLU,1448084,WI,701 N. Sacramento,(773) 265-1846,1532062
743,01/22/2014,MITS,4D,,TAN,948P665,IL,10300 S. Doty,(773) 785-9752,1714188
744,01/22/2014,CHEV,2D,,BLU,L924565,IL,10300 S. Doty,(773) 568-8495 ,2728068
745,01/22/2014,HOND,LL,,BLU,,IL,701 N. Sacramento,(773) 265-1846,1532061
746,01/22/2014,VOLK,4D,PAS,GRY,R770204,IL,10300 S. Doty,(773) 568-8495 ,2728067
747,01/22/2014,CHEV,LL,BLZ,GRN,N649289,IL,10300 S. Doty,(773) 568-8495 ,2728063
748,01/22/2014,FORD,4D,,BLU,,IL,10300 S. Doty,(773) 568-8495 ,2728089
749,01/22/2014,CHRY,4D,,SIL,,IL,10300 S. Doty,(773) 568-8495 ,2728105
750,01/22/2014,MERC,4D,,GRY,S222042,IL,10300 S. Doty,(773) 568-8495 ,2728049
751,01/22/2014,FORD,4D,,TAN,R998931,IL,10300 S. Doty,(773) 568-8495 ,2728046
752,01/22/2014,GMC,LL,,SIL,N924746,IL,10300 S. Doty,(773) 568-8495 ,2728035
753,01/22/2014,FORD,LL,,GRN,R605855,IL,10300 S. Doty,(773) 568-8495 ,2728034
754,01/22/2014,MERC,LL,,GRN,629P529,IL,10300 S. Doty,(773) 568-8495 ,2728033
755,01/22/2014,HOND,4D,CIV,WHI,L249653,IL,701 N. Sacramento,(773) 265-1846,1532059
756,01/22/2014,SUBA,4D,,GRY,H807369,IL,701 N. Sacramento,(773) 265-7605,6772555
757,01/22/2014,CHRY,4D,SEB,RED,N769425,IL,10300 S. Doty,(773) 568-8495 ,2728061
758,01/22/2014,KIA,VN,,GRN,N678267,IL,10300 S. Doty,(773) 785-9752,1714189
759,01/22/2014,DODG,4D,,RED,S210859,IL,10300 S. Doty,(773) 785-9752,1714186
760,01/22/2014,TOYT,4D,AVA,GRY,T796991,IL,701 N. Sacramento,(773) 265-7605,6772557
761,01/22/2014,CHEV,2D,,SIL,R592891,IL,701 N. Sacramento,(773) 265-7605,6772556
762,01/22/2014,CHEV,4D,,BLK,S741138,IL,10300 S. Doty,(773) 568-8495 ,2728057
763,01/22/2014,AUDI,LL,,BLK,S227339,IL,10300 S. Doty,(773) 568-8495 ,2728096
764,01/22/2014,BUIC,4D,,MAR,X580346,IL,10300 S. Doty,(773) 568-8495 ,2728055
765,01/22/2014,NISS,4D,,RED,R555710,IL,10300 S. Doty,(773) 568-8495 ,2728060
766,01/22/2014,ACUR,4D,,GRY,X702046,IL,701 N. Sacramento,(773) 265-7605,6772551
767,01/22/2014,HYUN,4D,,SIL,R427915,IL,701 N. Sacramento,(773) 265-7605,6772552
768,01/22/2014,PONT,2D,,MAR,K494161,IL,10300 S. Doty,(773) 568-8495 ,2728058
769,01/22/2014,TOYT,4D,,BLK,3614504,IL,701 N. Sacramento,(773) 265-7605,6772583
770,01/22/2014,HOND,LL,,SIL,K793036,IL,701 N. Sacramento,(773) 265-7605,6772582
771,01/22/2014,FORD,VN,,GRN,,IL,701 N. Sacramento,(773) 265-7605,6772594
772,01/22/2014,FORD,4D,,MAR,G850493,IL,701 N. Sacramento,(773) 265-7605,6772592
773,01/22/2014,HOND,4D,,GRN,P179343,IL,701 N. Sacramento,(773) 265-7605,6772584
774,01/22/2014,HOND,SW,,GRN,L968355,IL,701 N. Sacramento,(773) 265-7605,6772585
775,01/22/2014,CHEV,LL,TK,BGE,S231502,IL,701 N. Sacramento,(773) 265-7605,6772549
776,01/22/2014,TOYT,4D,,BLU,890P024,IL,701 N. Sacramento,(773) 265-7605,6772537
777,01/22/2014,CHEV,LL,,TAN,P552130,IL,10300 S. Doty,(773) 568-8495 ,2728041
778,01/22/2014,NISS,4D,,GRY,KJ7C8K,MN,10300 S. Doty,(773) 568-8495 ,2728040
779,01/22/2014,CHEV,PK,,TAN,1131739,IL,10300 S. Doty,(773) 568-8495 ,2728039
780,01/22/2014,FORD,VN,,BLU,R507555,IL,701 N. Sacramento,(773) 265-1846,1532060
781,01/22/2014,CHEV,4D,,RED,B637864,IL,10300 S. Doty,(773) 568-8495 ,2728047
782,01/22/2014,CHEV,4D,,RED,K425176,IL,10300 S. Doty,(773) 568-8495 ,2728045
783,01/22/2014,FORD,4D,,WHI,S124552,IL,10300 S. Doty,(773) 568-8495 ,2728044
784,01/22/2014,DODG,4D,,BLK,926P299,IL,10300 S. Doty,(773) 568-8495 ,2728043
785,01/22/2014,LINC,4D,,GRY,911P173,IL,10300 S. Doty,(773) 568-8495 ,2728052
786,01/22/2014,INFI,4D,,GLD,BGG767,IA,10300 S. Doty,(773) 568-8495 ,2728051
787,01/22/2014,CHRY,4D,,BLK,S286885,IL,701 N. Sacramento,(773) 265-7605,6772541
788,01/22/2014,NISS,LL,,SIL,N138641,IL,701 N. Sacramento,(773) 265-7605,6772544
789,01/22/2014,FORD,4D,,SIL,S680518,IL,701 N. Sacramento,(773) 265-7605,6772550
790,01/22/2014,OLDS,4D,,RED,S372801,IL,701 N. Sacramento,(773) 265-7605,6772548
791,01/22/2014,NISS,4D,,BLK,954P106,IL,701 N. Sacramento,(773) 265-7605,6772547
792,01/22/2014,FORD,VN,,,CGC1012,IL,701 N. Sacramento,(773) 265-7605,6772580
793,01/22/2014,BUIC,4D,,BLU,S717466,IL,701 N. Sacramento,(773) 265-7605,6772579
794,01/22/2014,CHEV,VN,,WHI,N853811,IL,701 N. Sacramento,(773) 265-7605,6772578
795,01/22/2014,CHEV,VN,,BLU,R114056,IL,701 N. Sacramento,(773) 265-7605,6772577
796,01/22/2014,HOND,4D,,MAR,S252003,IL,701 N. Sacramento,(773) 265-7605,6772576
797,01/22/2014,HOND,4D,,GRY,L853385,IL,701 N. Sacramento,(773) 265-7605,6772575
798,01/22/2014,HYUN,4D,,GRY,X513542,IL,701 N. Sacramento,(773) 265-7605,6772574
799,01/22/2014,CHEV,4D,,GRY,R250271,IL,701 N. Sacramento,(773) 265-7605,6772572
800,01/22/2014,NISS,4D,,RED,8741909,IL,701 N. Sacramento,(773) 265-7605,6772566
801,01/22/2014,CHEV,LL,,GRY,66073FF,IL,701 N. Sacramento,(773) 265-7605,6772565
802,01/22/2014,BUIC,LL,,BLU,1178741,IL,701 N. Sacramento,(773) 265-7605,6772573
803,01/22/2014,TOYT,4D,,MAR,R769908,IL,701 N. Sacramento,(773) 265-7605,6772570
804,01/22/2014,VOLK,4D,,GRY,S227790,IL,701 N. Sacramento,(773) 265-7605,6772564
805,01/22/2014,CHRY,4D,,BLK,H295824,IL,701 N. Sacramento,(773) 265-7605,6772569
806,01/22/2014,FORD,4D,,GRY,OL166,IL,701 N. Sacramento,(773) 265-7605,6772568
807,01/22/2014,DODG,4D,,RED,652YYX,CO,701 N. Sacramento,(773) 265-7605,6772567
808,01/22/2014,MAZD,2D,,GRY,X485354,IL,701 N. Sacramento,(773) 265-7605,6772563
809,01/22/2014,CADI,4D,,SIL,,IL,10300 S. Doty,(773) 568-8495 ,2728106
810,01/22/2014,HOND,4D,,SIL,R597456,IL,10300 S. Doty,(773) 568-8495 ,2728100
811,01/22/2014,FORD,4D,,WHI,UVX127,IN,701 N. Sacramento,(773) 265-7605,6772540
812,01/22/2014,NISS,LL,,RED,3BG9016,MN,701 N. Sacramento,(773) 265-7605,6772536
813,01/22/2014,VOLK,4T,,WHI,N763709,IL,10300 S. Doty,(773) 568-8495 ,2728095
814,01/22/2014,CHEV,4D,,BLK,S112512,IL,10300 S. Doty,(773) 568-8495 ,2728094
815,01/21/2014,TOYT,2D,,BLK,R110973,IL,10300 S. Doty,(773) 568-8495 ,2728029
816,01/21/2014,VOLK,4D,,GRN,P934034,IL,10300 S. Doty,(773) 568-8495 ,2728028
817,01/21/2014,FORD,LL,,GRN,48320B,IN,10300 S. Doty,(773) 568-8495 ,2728027
818,01/21/2014,PONT,4D,,BLK,S129770,IL,701 N. Sacramento,(773) 265-7605,6772529
819,01/21/2014,HOND,LL,,GRY,P893029,IL,701 N. Sacramento,(773) 265-7605,6772527
820,01/21/2014,OLDS,VN,,GLD,R461356,IL,10300 S. Doty,(773) 568-8495 ,2728026
821,01/21/2014,CHEV,LL,,BLK,S782526,IL,701 N. Sacramento,(773) 265-7605,6772525
822,01/21/2014,FORD,2D,,RED,8940536,IL,701 N. Sacramento,(773) 265-7605,6772522
823,01/21/2014,BUIC,4D,,TAN,R496054,IL,10300 S. Doty,(773) 568-8495 ,2728023
824,01/21/2014,FORD,4D,,SIL,1944651,IL,701 N. Sacramento,(773) 265-7605,6772516
825,01/21/2014,HYUN,4D,,TAN,N801988,IL,701 N. Sacramento,(773) 265-7605,6772517
826,01/21/2014,HOND,4D,,SIL,S116660,IL,701 N. Sacramento,(773) 265-7605,6772518
827,01/21/2014,FORD,VN,TK,GRY,K964885,IL,701 N. Sacramento,(773) 265-7605,6772515
828,01/21/2014,PONT,4D,,GRY,874NPD,WI,701 N. Sacramento,(773) 265-7605,6772513
829,01/21/2014,DODG,4D,,BLK,N653388,IL,10300 S. Doty,(773) 568-8495 ,2728022
830,01/21/2014,AUDI,4D,,BLK,S209917,IL,10300 S. Doty,(773) 568-8495 ,2728021
831,01/21/2014,FORD,4D,,MAR,G577166,IL,701 N. Sacramento,(773) 265-7605,6772533
832,01/21/2014,CHEV,4D,,GLD,R412876,IL,701 N. Sacramento,(773) 265-7605,6772531
833,01/21/2014,DODG,PK,,RED,8686SJ,IL,701 N. Sacramento,(773) 265-7605,6772520
834,01/21/2014,BUIC,4D,,TAN,6251921,IL,701 N. Sacramento,(773) 265-7605,6772502
835,01/21/2014,MITS,4D,,RED,5582107,IL,701 N. Sacramento,(773) 265-7605,6772501
836,01/21/2014,DODG,4D,,BLU,,IL,701 N. Sacramento,(773) 265-7605,6772510
837,01/21/2014,FORD,4D,,RED,L793347,IL,701 N. Sacramento,(773) 265-7605,6772511
838,01/21/2014,PONT,VN,,BLK,L320512,IL,701 N. Sacramento,(773) 265-7605,6772509
839,01/21/2014,HYUN,4D,,BLK,,IL,10300 S. Doty,(773) 785-9752,1714185
840,01/21/2014,FORD,4D,,SIL,R798872,IL,10300 S. Doty,(773) 785-9752,1714184
841,01/21/2014,INFI,LL,,GRY,K991404,IL,701 N. Sacramento,(773) 265-7605,6772507
842,01/21/2014,LEXS,4D,,BLK,N929217,IL,701 N. Sacramento,(773) 265-7605,6772506
843,01/21/2014,ACUR,4D,,WHI,N808463,IL,701 N. Sacramento,(773) 265-7605,6772505
844,01/21/2014,HUMM,LL,,WHI,9910821,IL,701 N. Sacramento,(773) 265-7605,6772455
845,01/21/2014,DODG,LL,,BLK,N488911,IL,701 N. Sacramento,(773) 265-7605,6772519
846,01/21/2014,FORD,4D,,TAN,H178143,IL,701 N. Sacramento,(773) 265-7605,6772498
847,01/21/2014,BUIC,LL,,RED,A339356,IL,701 N. Sacramento,(773) 265-7605,6772500
848,01/21/2014,NISS,VN,TK,BLU,R761085,IL,10300 S. Doty,(773) 568-8495 ,2728017
849,01/21/2014,HYUN,4D,,BLK,A429735,IL,701 N. Sacramento,(773) 265-7605,6772499
850,01/21/2014,GMC,PK,TK,BLK,1433305,IL,10300 S. Doty,(773) 568-8495 ,2728016
851,01/21/2014,TOYT,4D,,RED,R438484,IL,701 N. Sacramento,(773) 265-7605,6772494
852,01/21/2014,LEXS,4D,,GRY,R473172,IL,701 N. Sacramento,(773) 265-7605,6772483
853,01/21/2014,NISS,LL,,GRN,L389457,IL,701 N. Sacramento,(773) 265-7605,6772482
854,01/21/2014,OLDS,4D,,WHI,L316512,IL,701 N. Sacramento,(773) 265-7605,6772481
855,01/21/2014,CHEV,4D,,GRY,P344887,IL,701 N. Sacramento,(773) 265-7605,6772475
856,01/21/2014,CHEV,4D,,BLU,S260906,IL,701 N. Sacramento,(773) 265-7605,6772451
857,01/21/2014,LEXS,4D,,WHI,K740396,IL,701 N. Sacramento,(773) 265-7605,6772448
858,01/21/2014,FORD,LL,EXP,BLU,X944006,IL,701 N. Sacramento,(773) 265-7605,6772480
859,01/21/2014,FORD,VN,EC1,GRN,K378913,IL,701 N. Sacramento,(773) 265-7605,6772478
860,01/21/2014,CADI,4D,DEV,GRY,L646382,IL,701 N. Sacramento,(773) 265-7605,6772474
861,01/21/2014,NISS,4D,ALT,GRY,S136033,IL,701 N. Sacramento,(773) 265-7605,6772471
862,01/21/2014,CADI,4D,DEV,GRY,K888808,IL,701 N. Sacramento,(773) 265-7605,6772469
863,01/21/2014,FORD,PK,,MAR,1351064,IL,701 N. Sacramento,(773) 265-7605,6772444
864,01/21/2014,VOLV,4D,,GRY,N208110,IL,701 N. Sacramento,(773) 265-7605,6772470
865,01/21/2014,CHEV,LL,,GRY,R113236,IL,701 N. Sacramento,(773) 265-7605,6772468
866,01/21/2014,CHEV,4D,IMP,WHI,L941877,IL,701 N. Sacramento,(773) 265-7605,6772472
867,01/21/2014,FORD,VN,WIN,MAR,R383001,IL,701 N. Sacramento,(773) 265-7605,6772467
868,01/21/2014,BUIC,4D,REG,WHI,N676393,IL,701 N. Sacramento,(773) 265-7605,6772466
869,01/21/2014,CADI,4D,DEV,TAN,A495216,IL,701 N. Sacramento,(773) 265-7605,6772465
870,01/21/2014,CHEV,VN,TK,WHI,9160394,IL,701 N. Sacramento,(773) 265-7605,6772532
871,01/21/2014,LEXS,4D,,BLK,N803600,IL,701 N. Sacramento,(773) 265-7605,6772512
872,01/21/2014,FORD,LL,,WHI,9573901,IL,701 N. Sacramento,(773) 265-7605,6772497
873,01/21/2014,CHEV,4D,,RED,L208408,IL,10300 S. Doty,(773) 568-8495 ,2728020
874,01/21/2014,DODG,PK,TK,TAN,S742984,IL,701 N. Sacramento,(773) 265-7605,6772462
875,01/21/2014,HUMM,LL,,GRY,N472145,IL,701 N. Sacramento,(773) 265-7605,6772464
876,01/21/2014,JEEP,LL,TK,MAR,,IL,701 N. Sacramento,(773) 265-7605,6772463
877,01/21/2014,CHEV,4D,,GRY,N727392,IL,701 N. Sacramento,(773) 265-7605,6772492
878,01/21/2014,TOYT,4D,,GRY,K390235,IL,10300 S. Doty,(773) 568-8495 ,2728018
879,01/21/2014,FORD,SW,,RED,,IL,10300 S. Doty,(773) 568-8495 ,2728013
880,01/21/2014,GMC,VN,TK,BLK,N938373,IL,10300 S. Doty,(773) 568-8495 ,2728012
881,01/21/2014,FORD,LL,,TAN,R447083,IL,10300 S. Doty,(773) 568-8495 ,2728010
882,01/21/2014,CHRY,VA,,GRY,S144442,IL,701 N. Sacramento,(773) 265-7605,6772489
883,01/21/2014,INFI,4D,,GLD,K134858,IL,701 N. Sacramento,(773) 265-7605,6772490
884,01/21/2014,FORD,VC,,GRN,IZZY51,IL,701 N. Sacramento,(773) 265-7605,6772486
885,01/21/2014,NISS,4D,,BLK,K917358,IL,701 N. Sacramento,(773) 265-7605,6772487
886,01/21/2014,SUZU,4D,,RED,ECK6783,NY,701 N. Sacramento,(773) 265-7605,6772488
887,01/21/2014,NISS,4D,,BLU,R349876,IL,701 N. Sacramento,(773) 265-7605,6772491
888,01/21/2014,MERZ,4D,,WHI,H935288,IL,701 N. Sacramento,(773) 265-7605,6772459
889,01/21/2014,NISS,4D,,BLK,R994554,IL,701 N. Sacramento,(773) 265-7605,6772460
890,01/21/2014,MERC,4D,,MAR,R448097,IL,701 N. Sacramento,(773) 265-7605,6772461
891,01/21/2014,CHRY,VN,TK,BGE,S995465,IL,10300 S. Doty,(773) 568-8495 ,2728009
892,01/21/2014,HYUN,4D,,SIL,982P778,IL,701 N. Sacramento,(773) 265-7605,6772458
893,01/21/2014,JAGU,4D,,GRY,R726564,IL,701 N. Sacramento,(773) 265-7605,6772453
894,01/21/2014,CHRY,VN,TK,WHI,R998081,IL,701 N. Sacramento,(773) 265-7605,6772457
895,01/21/2014,OLDS,2D,,RED,N201782,IL,10300 S. Doty,(773) 568-8495 ,461687
896,01/21/2014,FORD,VN,TK,BLK,P685564,IL,701 N. Sacramento,(773) 265-7605,6772449
897,01/21/2014,NISS,4D,,BLK,113R552,IL,701 N. Sacramento,(773) 265-7605,6772452
898,01/21/2014,FORD,4D,,GRY,R195942,IL,701 N. Sacramento,(773) 265-7605,6772445
899,01/21/2014,LINC,4D,,BLK,S262200,IL,10300 S. Doty,(773) 568-8495 ,461686
900,01/21/2014,KIA,4D,,RED,G276155,IL,10300 S. Doty,(773) 568-8495 ,2728006
901,01/21/2014,MERZ,4D,,BLK,209R616,IL,10300 S. Doty,(773) 568-8495 ,2728005
902,01/21/2014,TOYT,4D,,GRY,D75826,IL,10300 S. Doty,(773) 568-8495 ,2728004
903,01/21/2014,JEEP,LL,CHE,WHI,D179727,IL,701 N. Sacramento,(773) 265-7605,6772450
904,01/21/2014,BUIC,4D,,BLU,FXV2200,OH,10300 S. Doty,(773) 568-8495 ,2728000
905,01/21/2014,DODG,LL,,RED,N545401,IL,10300 S. Doty,(773) 568-8495 ,2727999
906,01/21/2014,SATR,4D,,BLK,S208394,IL,10300 S. Doty,(773) 568-8495 ,2727998
907,01/21/2014,BUIC,4D,,GRN,S237648,IL,701 N. Sacramento,(773) 265-7605,6772446
908,01/20/2014,TOYT,4D,,BLU,R375685,IL,701 N. Sacramento,(773) 265-7605,6772441
909,01/20/2014,PONT,4D,,SIL,S861222,IL,10300 S. Doty,(773) 568-8495 ,2727991
910,01/20/2014,CHEV,LL,,BLK,S211613,IL,10300 S. Doty,(773) 568-8495 ,2727992
911,01/20/2014,INFI,4D,,CRM,FYI6413,OH,701 N. Sacramento,(773) 265-7605,6772440
912,01/20/2014,NISS,4D,,BLU,R489406,IL,701 N. Sacramento,(773) 265-7605,6772438
913,01/20/2014,CHEV,4D,,RED,N765913,IL,10300 S. Doty,(773) 568-8495 ,2727990
914,01/20/2014,PONT,4D,,SIL,R451166,IL,701 N. Sacramento,(773) 265-7605,6772437
915,01/20/2014,PONT,4D,,BLK,S481322,IL,701 N. Sacramento,(773) 265-7605,6772436
916,01/20/2014,VOLK,4D,,GRN,,IL,10300 S. Doty,(773) 568-8495 ,2727988
917,01/20/2014,OLDS,4D,,TAN,G333813,IL,10300 S. Doty,(773) 568-8495 ,2727986
918,01/20/2014,FORD,4D,,BLU,H563613,IL,701 N. Sacramento,(773) 265-7605,6772433
919,01/20/2014,BUIC,4D,,TAN,704P355,IL,701 N. Sacramento,(773) 265-7605,6772434
920,01/20/2014,CHEV,4D,,SIL,S665690,IL,701 N. Sacramento,(773) 265-7605,6772432
921,01/20/2014,NISS,4D,,BLK,N900134,IL,701 N. Sacramento,(773) 265-7605,6772430
922,01/20/2014,LINC,4D,,WHI,R979679,IL,10300 S. Doty,(773) 568-8495 ,2727984
923,01/20/2014,CHEV,VN,TK,TAN,R410736,IL,10300 S. Doty,(773) 568-8495 ,2727983
924,01/20/2014,HOND,4D,,RED,D178758,IL,10300 S. Doty,(773) 568-8495 ,2727982
925,01/20/2014,MERZ,LL,,SIL,,IL,701 N. Sacramento,(773) 265-7605,6772428
926,01/20/2014,HOND,4D,,BRO,,IL,701 N. Sacramento,(773) 265-7605,6772429
927,01/20/2014,OLDS,4D,,SIL,N917294,IL,10300 S. Doty,(773) 568-8495 ,2727981
928,01/20/2014,CADI,4D,,GRN,P440504,IL,701 N. Sacramento,(773) 265-7605,6772426
929,01/20/2014,FORD,4D,,GRN,6575421,IL,701 N. Sacramento,(773) 265-7605,6772427
930,01/20/2014,CHEV,LL,,GRN,P329577,IL,10300 S. Doty,(773) 568-8495 ,2727963
931,01/20/2014,NISS,4D,,BLU,401UBX,WI,10300 S. Doty,(773) 568-8495 ,2727980
932,01/20/2014,MERC,4D,,TAN,C970798,IL,701 N. Sacramento,(773) 265-7605,6772392
933,01/20/2014,PONT,4D,,RED,FWD1562,OH,701 N. Sacramento,(773) 265-7605,6772357
934,01/20/2014,FORD,4D,,BLK,S656741,IL,701 N. Sacramento,(773) 265-7605,6772356
935,01/20/2014,DODG,VN,TK,RED,585P861,IL,701 N. Sacramento,(773) 265-7605,6772425
936,01/20/2014,CHRY,VN,,RED,K759909,IL,10300 S. Doty,(773) 568-8495 ,2727956
937,01/20/2014,PONT,4D,BON,BLU,N939698,IL,701 N. Sacramento,(773) 265-7605,6772419
938,01/20/2014,PONT,HB,,GRY,G785071,IL,701 N. Sacramento,(773) 265-7605,6772417
939,01/20/2014,PONT,4D,,SIL,G519745,IL,701 N. Sacramento,(773) 265-7605,6772369
940,01/20/2014,DODG,VN,R35,WHI,,IL,701 N. Sacramento,(773) 265-7605,6772368
941,01/20/2014,JEEP,LL,,WHI,S648184,IL,10300 S. Doty,(773) 568-8495 ,2727976
942,01/20/2014,INFI,4D,,BLU,R130988,IL,10300 S. Doty,(773) 568-8495 ,2727953
943,01/20/2014,FORD,2D,,BLU,1446632,IL,10300 S. Doty,(773) 568-8495 ,2727954
944,01/20/2014,HOND,2D,,GRN,,IL,10300 S. Doty,(773) 568-8495 ,2727958
945,01/20/2014,TOYT,4D,,BLK,H818167,IL,701 N. Sacramento,(773) 265-7605,6772439
946,01/20/2014,CHEV,LL,TK,MAR,DL2035,IL,701 N. Sacramento,(773) 265-7605,6772365
947,01/20/2014,PONT,4D,,GRN,R375431,IL,701 N. Sacramento,(773) 265-7605,6772346
948,01/20/2014,CHRY,VN,,SIL,A181989,IL,701 N. Sacramento,(773) 265-7605,6772341
949,01/20/2014,DODG,4D,,WHI,EIQ8754,OH,10300 S. Doty,(773) 568-8495 ,2727979
950,01/20/2014,FORD,4D,FOC,GRY,615LGA,IN,701 N. Sacramento,(773) 265-7605,6772408
951,01/20/2014,MERZ,2D,,SIL,B700RB,FL,10300 S. Doty,(773) 568-8495 ,2727978
952,01/20/2014,TOYT,4D,CAM,GLD,S396944,IL,701 N. Sacramento,(773) 265-7605,6772406
953,01/20/2014,HOND,2D,CIV,RED,R959699,IL,10300 S. Doty,(773) 568-8495 ,2727977
954,01/20/2014,CHEV,4D,,BLK,P852251,IL,10300 S. Doty,(773) 568-8495 ,2727975
955,01/20/2014,BUIC,4D,,BRO,931745,IL,10300 S. Doty,(773) 568-8495 ,2727941
956,01/20/2014,FORD,4D,,GRY,S236863,IL,10300 S. Doty,(773) 568-8495 ,2727974
957,01/20/2014,BMW,4D,,BLK,164R126,IL,701 N. Sacramento,(773) 265-7605,6772363
958,01/20/2014,TOYT,LL,,GRY,G303263,IL,10300 S. Doty,(773) 568-8495 ,2727972
959,01/20/2014,VOLK,4D,,BLK,KLNLVN,MI,10300 S. Doty,(773) 568-8495 ,2727971
960,01/20/2014,CHEV,4D,,BLK,R977594,IL,10300 S. Doty,(773) 568-8495 ,2727973
961,01/20/2014,MITS,LL,,SIL,68276FF,IL,10300 S. Doty,(773) 568-8495 ,2727970
962,01/20/2014,PONT,4D,,GRY,L923542,IL,10300 S. Doty,(773) 568-8495 ,2727934
963,01/20/2014,SATR,4D,,MAR,L709314,IL,10300 S. Doty,(773) 568-8495 ,2727948
964,01/20/2014,CHEV,4D,,TAN,K524415,IL,10300 S. Doty,(773) 568-8495 ,2727967
965,01/20/2014,TOYT,LL,,WHI,3065101,IL,10300 S. Doty,(773) 568-8495 ,2727968
966,01/20/2014,FORD,LL,TK,BLK,P351223,IL,701 N. Sacramento,(773) 265-7605,6772362
967,01/20/2014,VOLK,4D,,BLU,S751187,IL,10300 S. Doty,(773) 568-8495 ,2727966
968,01/20/2014,FORD,LL,TK,GLD,N779706,IL,701 N. Sacramento,(773) 265-7605,6772361
969,01/20/2014,FORD,4D,,BLU,S740983,IL,10300 S. Doty,(773) 568-8495 ,2727952
970,01/20/2014,CHEV,4D,,BLK,N326690,IL,701 N. Sacramento,(773) 265-7605,6772360
971,01/20/2014,NISS,4D,,BLK,K918117,IL,701 N. Sacramento,(773) 265-7605,6772359
972,01/20/2014,MERC,LL,,GRY,A626259,IL,10300 S. Doty,(773) 568-8495 ,2727947
973,01/20/2014,SATR,4D,,TAN,,IL,10300 S. Doty,(773) 568-8495 ,2727946
974,01/20/2014,CHRY,VN,TK,MAR,P796561,IL,10300 S. Doty,(773) 568-8495 ,2727945
975,01/20/2014,HYUN,4D,,BLK,N654812,IL,10300 S. Doty,(773) 568-8495 ,2727944
976,01/20/2014,CADI,4D,,RED,H564916,IL,10300 S. Doty,(773) 568-8495 ,2727943
977,01/20/2014,MERC,LL,TK,BLK,R749214,IL,701 N. Sacramento,(773) 265-7605,6772353
978,01/20/2014,DODG,2D,,BLU,L748106,IL,701 N. Sacramento,(773) 265-7605,6772350
979,01/20/2014,CADI,4D,,SIL,R140309,IL,701 N. Sacramento,(773) 265-7605,6772354
980,01/20/2014,CHEV,PK,,,1179773B,IL,701 N. Sacramento,(773) 265-7605,6772355
981,01/20/2014,HOND,4D,,BLK,9100722,IL,701 N. Sacramento,(773) 265-7605,6772351
982,01/20/2014,DODG,VN,TK,YEL,28920TX,IL,701 N. Sacramento,(773) 265-7605,6772352
983,01/20/2014,DODG,VN,TK,BRO,N932029,IL,10300 S. Doty,(773) 568-8495 ,2727939
984,01/20/2014,BMW,4D,,BLU,R491695,IL,701 N. Sacramento,(773) 265-7605,6772337
985,01/20/2014,CHRY,4D,,BLK,A949687,IL,701 N. Sacramento,(773) 265-7605,6772348
986,01/20/2014,CHEV,4D,,MAR,865P562,IL,10300 S. Doty,(773) 568-8495 ,2727937
987,01/20/2014,FORD,4D,,BLK,N305398,IL,10300 S. Doty,(773) 568-8495 ,2727936
988,01/20/2014,HOND,4D,,GRY,S859037,IL,10300 S. Doty,(773) 568-8495 ,2727935
989,01/20/2014,DODG,VN,,GRN,N931371,IL,10300 S. Doty,(773) 568-8495 ,2727933
990,01/20/2014,CHEV,4D,,WHI,N763584,IL,10300 S. Doty,(773) 568-8495 ,2727932
991,01/20/2014,TOYT,4D,,RED,R802697,IL,701 N. Sacramento,(773) 265-7605,6772342
992,01/20/2014,JEEP,LL,CHE,SIL,N341336,IL,701 N. Sacramento,(773) 265-7605,6772344
993,01/20/2014,VOLK,4D,,SIL,L375286,IL,701 N. Sacramento,(773) 265-7605,6772338
994,01/20/2014,OLDS,4D,,GLD,N579345,IL,701 N. Sacramento,(773) 265-7605,6772339
995,01/20/2014,DODG,VN,,BLU,H279784,IL,701 N. Sacramento,(773) 265-7605,6772340
996,01/20/2014,LINC,LM,,WHI,11356LY,IL,701 N. Sacramento,(773) 265-7605,6772345
997,01/20/2014,TOYT,4D,,MAR,R211390,IL,10300 S. Doty,(773) 568-8495 ,2727996
998,01/20/2014,OLDS,4D,,GRY,R445090,IL,10300 S. Doty,(773) 568-8495 ,2727995
999,01/20/2014,CHEV,4D,,BLU,S228708,IL,10300 S. Doty,(773) 568-8495 ,2727994
1000,01/20/2014,CADI,4D,,GRY,152ZYD,IN,10300 S. Doty,(773) 568-8495 ,2727993
